,Name,DOF
0,m_0001_110_0.jpg,0
1,m_0003_110_0.jpg,0
2,m_0005_110_0.jpg,0
3,m_0005_110_1.jpg,0
4,m_0007_110_0.jpg,0
5,m_0007_110_1.jpg,0
6,m_0008_110_0.jpg,0
7,m_0010_110_0.jpg,0
8,m_0010_110_1.jpg,0
9,m_0011_110_0.jpg,0
10,m_0012_110_0.jpg,0
11,m_0012_110_1.jpg,0
12,m_0013_110_0.jpg,0
13,m_0015_110_0.jpg,0
14,m_0015_110_1.jpg,0
15,m_0016_110_0.jpg,0
16,m_0018_110_0.jpg,0
17,m_0020_110_0.jpg,0
18,m_0020_110_1.jpg,0
19,m_0021_110_0.jpg,0
20,m_0022_110_0.jpg,0
21,m_0023_110_0.jpg,0
22,m_0025_110_0.jpg,0
23,m_0025_110_1.jpg,0
24,m_0027_110_0.jpg,0
25,m_0027_110_1.jpg,0
26,m_0028_110_0.jpg,0
27,m_0030_110_0.jpg,0
28,m_0030_110_1.jpg,0
29,m_0032_110_0.jpg,0
30,m_0032_110_1.jpg,0
31,m_0034_110_0.jpg,0
32,m_0034_110_1.jpg,0
33,m_0035_110_0.jpg,0
34,m_0037_110_0.jpg,0
35,m_0037_110_1.jpg,0
36,m_0038_110_0.jpg,0
37,m_0040_110_0.jpg,0
38,m_0040_110_1.jpg,0
39,m_0042_110_0.jpg,0
40,m_0042_110_1.jpg,0
41,m_0043_110_0.jpg,0
42,m_0043_110_1.jpg,0
43,m_0045_110_0.jpg,0
44,m_0045_110_1.jpg,0
45,m_0046_110_0.jpg,0
46,m_0048_110_0.jpg,0
47,m_0050_110_0.jpg,0
48,m_0050_110_1.jpg,0
49,m_0052_110_0.jpg,0
50,m_0052_110_1.jpg,0
51,m_0053_110_0.jpg,0
52,m_0055_110_0.jpg,0
53,m_0055_110_1.jpg,0
54,m_0057_110_0.jpg,0
55,m_0057_110_1.jpg,0
56,m_0058_110_0.jpg,0
57,m_0060_110_0.jpg,0
58,m_0060_110_1.jpg,0
59,m_0062_110_0.jpg,0
60,m_0062_110_1.jpg,0
61,m_0063_110_0.jpg,0
62,m_0065_110_0.jpg,0
63,m_0067_110_0.jpg,0
64,m_0067_110_1.jpg,0
65,m_0068_110_0.jpg,0
66,m_0069_110_0.jpg,0
67,m_0069_110_1.jpg,0
68,m_0070_110_0.jpg,0
69,m_0072_110_0.jpg,0
70,m_0072_110_1.jpg,0
71,m_0075_110_0.jpg,0
72,m_0077_110_0.jpg,0
73,m_0077_110_1.jpg,0
74,m_0078_110_0.jpg,0
75,m_0079_110_0.jpg,0
76,m_0079_110_1.jpg,0
77,m_0080_110_0.jpg,0
78,m_0082_110_0.jpg,0
79,m_0082_110_1.jpg,0
80,m_0084_110_0.jpg,0
81,m_0084_110_1.jpg,0
82,m_0085_110_0.jpg,0
83,m_0087_110_0.jpg,0
84,m_0087_110_1.jpg,0
85,m_0090_110_0.jpg,0
86,m_0092_110_0.jpg,0
87,m_0092_110_1.jpg,0
88,m_0093_110_0.jpg,0
89,m_0095_110_0.jpg,0
90,m_0095_110_1.jpg,0
91,m_0097_110_0.jpg,0
92,m_0097_110_1.jpg,0
93,m_0098_110_0.jpg,0
94,m_0100_110_0.jpg,0
95,m_0102_110_0.jpg,0
96,m_0102_110_1.jpg,0
97,m_0105_110_0.jpg,0
98,m_0105_110_1.jpg,0
99,m_0004_1200_0.jpg,-1090
100,m_0004_1200_1.jpg,-1090
101,m_0005_1200_0.jpg,-1090
102,m_0005_1200_1.jpg,-1090
103,m_0007_1200_0.jpg,-1090
104,m_0010_1200_0.jpg,-1090
105,m_0010_1200_1.jpg,-1090
106,m_0012_1200_0.jpg,-1090
107,m_0012_1200_1.jpg,-1090
108,m_0015_1200_0.jpg,-1090
109,m_0015_1200_1.jpg,-1090
110,m_0017_1200_0.jpg,-1090
111,m_0017_1200_1.jpg,-1090
112,m_0019_1200_0.jpg,-1090
113,m_0020_1200_0.jpg,-1090
114,m_0020_1200_1.jpg,-1090
115,m_0022_1200_0.jpg,-1090
116,m_0025_1200_0.jpg,-1090
117,m_0025_1200_1.jpg,-1090
118,m_0029_1200_0.jpg,-1090
119,m_0030_1200_0.jpg,-1090
120,m_0030_1200_1.jpg,-1090
121,m_0032_1200_0.jpg,-1090
122,m_0032_1200_1.jpg,-1090
123,m_0035_1200_0.jpg,-1090
124,m_0035_1200_1.jpg,-1090
125,m_0037_1200_0.jpg,-1090
126,m_0037_1200_1.jpg,-1090
127,m_0040_1200_0.jpg,-1090
128,m_0040_1200_1.jpg,-1090
129,m_0042_1200_0.jpg,-1090
130,m_0042_1200_1.jpg,-1090
131,m_0001_1400_0.jpg,-1290
132,m_0001_1400_1.jpg,-1290
133,m_0002_1400_0.jpg,-1290
134,m_0002_1400_1.jpg,-1290
135,m_0003_1400_0.jpg,-1290
136,m_0004_1400_0.jpg,-1290
137,m_0004_1400_1.jpg,-1290
138,m_0005_1400_0.jpg,-1290
139,m_0005_1400_1.jpg,-1290
140,m_0006_1400_0.jpg,-1290
141,m_0006_1400_1.jpg,-1290
142,m_0007_1400_0.jpg,-1290
143,m_0007_1400_1.jpg,-1290
144,m_0008_1400_0.jpg,-1290
145,m_0009_1400_0.jpg,-1290
146,m_0009_1400_1.jpg,-1290
147,m_0010_1400_0.jpg,-1290
148,m_0010_1400_1.jpg,-1290
149,m_0001_190_0.jpg,-80
150,m_0003_190_0.jpg,-80
151,m_0003_190_1.jpg,-80
152,m_0004_190_0.jpg,-80
153,m_0006_190_0.jpg,-80
154,m_0006_190_1.jpg,-80
155,m_0008_190_0.jpg,-80
156,m_0008_190_1.jpg,-80
157,m_0009_190_0.jpg,-80
158,m_0011_190_0.jpg,-80
159,m_0013_190_0.jpg,-80
160,m_0013_190_1.jpg,-80
161,m_0015_190_0.jpg,-80
162,m_0015_190_1.jpg,-80
163,m_0016_190_0.jpg,-80
164,m_0018_190_0.jpg,-80
165,m_0018_190_1.jpg,-80
166,m_0019_190_0.jpg,-80
167,m_0021_190_0.jpg,-80
168,m_0023_190_0.jpg,-80
169,m_0023_190_1.jpg,-80
170,m_0026_190_0.jpg,-80
171,m_0028_190_0.jpg,-80
172,m_0028_190_1.jpg,-80
173,m_0030_190_0.jpg,-80
174,m_0030_190_1.jpg,-80
175,m_0031_190_0.jpg,-80
176,m_0033_190_0.jpg,-80
177,m_0033_190_1.jpg,-80
178,m_0035_190_0.jpg,-80
179,m_0035_190_1.jpg,-80
180,m_0036_190_0.jpg,-80
181,m_0038_190_0.jpg,-80
182,m_0038_190_1.jpg,-80
183,m_0040_190_0.jpg,-80
184,m_0040_190_1.jpg,-80
185,m_0043_190_0.jpg,-80
186,m_0043_190_1.jpg,-80
187,m_0045_190_0.jpg,-80
188,m_0045_190_1.jpg,-80
189,m_0046_190_0.jpg,-80
190,m_0048_190_0.jpg,-80
191,m_0048_190_1.jpg,-80
192,m_0050_190_0.jpg,-80
193,m_0050_190_1.jpg,-80
194,m_0051_190_0.jpg,-80
195,m_0053_190_0.jpg,-80
196,m_0053_190_1.jpg,-80
197,m_0056_190_0.jpg,-80
198,m_0058_190_0.jpg,-80
199,m_0058_190_1.jpg,-80
200,m_0060_190_0.jpg,-80
201,m_0060_190_1.jpg,-80
202,m_0061_190_0.jpg,-80
203,m_0063_190_0.jpg,-80
204,m_0063_190_1.jpg,-80
205,m_0065_190_0.jpg,-80
206,m_0065_190_1.jpg,-80
207,m_0066_190_0.jpg,-80
208,m_0068_190_0.jpg,-80
209,m_0068_190_1.jpg,-80
210,m_0070_190_0.jpg,-80
211,m_0070_190_1.jpg,-80
212,m_0071_190_0.jpg,-80
213,m_0075_190_0.jpg,-80
214,m_0075_190_1.jpg,-80
215,m_0076_190_0.jpg,-80
216,m_0078_190_0.jpg,-80
217,m_0078_190_1.jpg,-80
218,m_0080_190_0.jpg,-80
219,m_0080_190_1.jpg,-80
220,m_0081_190_0.jpg,-80
221,m_0083_190_0.jpg,-80
222,m_0083_190_1.jpg,-80
223,m_0085_190_0.jpg,-80
224,m_0085_190_1.jpg,-80
225,m_0086_190_0.jpg,-80
226,m_0088_190_0.jpg,-80
227,m_0088_190_1.jpg,-80
228,m_0090_190_0.jpg,-80
229,m_0090_190_1.jpg,-80
230,m_0091_190_0.jpg,-80
231,m_0093_190_0.jpg,-80
232,m_0093_190_1.jpg,-80
233,m_0095_190_0.jpg,-80
234,m_0095_190_1.jpg,-80
235,m_0096_190_0.jpg,-80
236,m_0098_190_0.jpg,-80
237,m_0098_190_1.jpg,-80
238,m_0099_190_0.jpg,-80
239,m_0100_190_0.jpg,-80
240,m_0100_190_1.jpg,-80
241,m_0101_190_0.jpg,-80
242,m_0103_190_0.jpg,-80
243,m_0103_190_1.jpg,-80
244,m_0002_20_0.jpg,90
245,m_0002_20_1.jpg,90
246,m_0004_20_0.jpg,90
247,m_0004_20_1.jpg,90
248,m_0005_20_0.jpg,90
249,m_0007_20_0.jpg,90
250,m_0007_20_1.jpg,90
251,m_0009_20_0.jpg,90
252,m_0009_20_1.jpg,90
253,m_0010_20_0.jpg,90
254,m_0012_20_0.jpg,90
255,m_0012_20_1.jpg,90
256,m_0014_20_0.jpg,90
257,m_0014_20_1.jpg,90
258,m_0015_20_0.jpg,90
259,m_0017_20_0.jpg,90
260,m_0017_20_1.jpg,90
261,m_0018_20_0.jpg,90
262,m_0018_20_1.jpg,90
263,m_0019_20_0.jpg,90
264,m_0019_20_1.jpg,90
265,m_0020_20_0.jpg,90
266,m_0022_20_0.jpg,90
267,m_0022_20_1.jpg,90
268,m_0024_20_0.jpg,90
269,m_0024_20_1.jpg,90
270,m_0025_20_0.jpg,90
271,m_0027_20_0.jpg,90
272,m_0027_20_1.jpg,90
273,m_0029_20_0.jpg,90
274,m_0029_20_1.jpg,90
275,m_0030_20_0.jpg,90
276,m_0032_20_0.jpg,90
277,m_0032_20_1.jpg,90
278,m_0034_20_0.jpg,90
279,m_0034_20_1.jpg,90
280,m_0035_20_0.jpg,90
281,m_0037_20_0.jpg,90
282,m_0037_20_1.jpg,90
283,m_0038_20_0.jpg,90
284,m_0039_20_0.jpg,90
285,m_0039_20_1.jpg,90
286,m_0040_20_0.jpg,90
287,m_0042_20_0.jpg,90
288,m_0042_20_1.jpg,90
289,m_0043_20_0.jpg,90
290,m_0045_20_0.jpg,90
291,m_0045_20_1.jpg,90
292,m_0047_20_0.jpg,90
293,m_0047_20_1.jpg,90
294,m_0048_20_0.jpg,90
295,m_0050_20_0.jpg,90
296,m_0050_20_1.jpg,90
297,m_0052_20_0.jpg,90
298,m_0052_20_1.jpg,90
299,m_0053_20_0.jpg,90
300,m_0057_20_0.jpg,90
301,m_0057_20_1.jpg,90
302,m_0058_20_0.jpg,90
303,m_0060_20_0.jpg,90
304,m_0060_20_1.jpg,90
305,m_0062_20_0.jpg,90
306,m_0062_20_1.jpg,90
307,m_0063_20_0.jpg,90
308,m_0065_20_0.jpg,90
309,m_0067_20_0.jpg,90
310,m_0067_20_1.jpg,90
311,m_0068_20_0.jpg,90
312,m_0070_20_0.jpg,90
313,m_0070_20_1.jpg,90
314,m_0073_20_0.jpg,90
315,m_0075_20_0.jpg,90
316,m_0075_20_1.jpg,90
317,m_0076_20_0.jpg,90
318,m_0078_20_0.jpg,90
319,m_0080_20_0.jpg,90
320,m_0080_20_1.jpg,90
321,m_0082_20_0.jpg,90
322,m_0082_20_1.jpg,90
323,m_0083_20_0.jpg,90
324,m_0084_20_0.jpg,90
325,m_0084_20_1.jpg,90
326,m_0085_20_0.jpg,90
327,m_0085_20_1.jpg,90
328,m_0086_20_0.jpg,90
329,m_0086_20_1.jpg,90
330,m_0087_20_0.jpg,90
331,m_0087_20_1.jpg,90
332,m_0088_20_0.jpg,90
333,m_0089_20_0.jpg,90
334,m_0089_20_1.jpg,90
335,m_0090_20_0.jpg,90
336,m_0091_20_0.jpg,90
337,m_0091_20_1.jpg,90
338,m_0092_20_0.jpg,90
339,m_0092_20_1.jpg,90
340,m_0094_20_0.jpg,90
341,m_0094_20_1.jpg,90
342,m_0095_20_0.jpg,90
343,m_0097_20_0.jpg,90
344,m_0097_20_1.jpg,90
345,m_0099_20_0.jpg,90
346,m_0099_20_1.jpg,90
347,m_0100_20_0.jpg,90
348,m_0102_20_0.jpg,90
349,m_0102_20_1.jpg,90
350,m_0103_20_0.jpg,90
351,m_0104_20_0.jpg,90
352,m_0104_20_1.jpg,90
353,m_0107_20_0.jpg,90
354,m_0107_20_1.jpg,90
355,m_0002_230_0.jpg,-120
356,m_0004_230_0.jpg,-120
357,m_0004_230_1.jpg,-120
358,m_0005_230_0.jpg,-120
359,m_0007_230_0.jpg,-120
360,m_0007_230_1.jpg,-120
361,m_0009_230_0.jpg,-120
362,m_0009_230_1.jpg,-120
363,m_0010_230_0.jpg,-120
364,m_0012_230_0.jpg,-120
365,m_0012_230_1.jpg,-120
366,m_0014_230_0.jpg,-120
367,m_0014_230_1.jpg,-120
368,m_0015_230_0.jpg,-120
369,m_0017_230_0.jpg,-120
370,m_0019_230_0.jpg,-120
371,m_0019_230_1.jpg,-120
372,m_0020_230_0.jpg,-120
373,m_0021_230_0.jpg,-120
374,m_0021_230_1.jpg,-120
375,m_0022_230_0.jpg,-120
376,m_0024_230_0.jpg,-120
377,m_0024_230_1.jpg,-120
378,m_0025_230_0.jpg,-120
379,m_0026_230_0.jpg,-120
380,m_0026_230_1.jpg,-120
381,m_0027_230_0.jpg,-120
382,m_0029_230_0.jpg,-120
383,m_0029_230_1.jpg,-120
384,m_0030_230_0.jpg,-120
385,m_0032_230_0.jpg,-120
386,m_0034_230_0.jpg,-120
387,m_0034_230_1.jpg,-120
388,m_0036_230_0.jpg,-120
389,m_0036_230_1.jpg,-120
390,m_0037_230_0.jpg,-120
391,m_0039_230_0.jpg,-120
392,m_0039_230_1.jpg,-120
393,m_0040_230_0.jpg,-120
394,m_0042_230_0.jpg,-120
395,m_0044_230_0.jpg,-120
396,m_0044_230_1.jpg,-120
397,m_0045_230_0.jpg,-120
398,m_0046_230_0.jpg,-120
399,m_0046_230_1.jpg,-120
400,m_0047_230_0.jpg,-120
401,m_0049_230_0.jpg,-120
402,m_0049_230_1.jpg,-120
403,m_0050_230_0.jpg,-120
404,m_0051_230_0.jpg,-120
405,m_0051_230_1.jpg,-120
406,m_0052_230_0.jpg,-120
407,m_0054_230_0.jpg,-120
408,m_0054_230_1.jpg,-120
409,m_0055_230_0.jpg,-120
410,m_0056_230_0.jpg,-120
411,m_0056_230_1.jpg,-120
412,m_0057_230_0.jpg,-120
413,m_0059_230_0.jpg,-120
414,m_0059_230_1.jpg,-120
415,m_0060_230_0.jpg,-120
416,m_0061_230_0.jpg,-120
417,m_0061_230_1.jpg,-120
418,m_0062_230_0.jpg,-120
419,m_0064_230_0.jpg,-120
420,m_0064_230_1.jpg,-120
421,m_0065_230_0.jpg,-120
422,m_0067_230_0.jpg,-120
423,m_0069_230_0.jpg,-120
424,m_0069_230_1.jpg,-120
425,m_0070_230_0.jpg,-120
426,m_0072_230_0.jpg,-120
427,m_0074_230_0.jpg,-120
428,m_0074_230_1.jpg,-120
429,m_0075_230_0.jpg,-120
430,m_0077_230_0.jpg,-120
431,m_0077_230_1.jpg,-120
432,m_0079_230_0.jpg,-120
433,m_0079_230_1.jpg,-120
434,m_0080_230_0.jpg,-120
435,m_0082_230_0.jpg,-120
436,m_0084_230_0.jpg,-120
437,m_0084_230_1.jpg,-120
438,m_0085_230_0.jpg,-120
439,m_0089_230_0.jpg,-120
440,m_0089_230_1.jpg,-120
441,m_0090_230_0.jpg,-120
442,m_0092_230_0.jpg,-120
443,m_0094_230_0.jpg,-120
444,m_0094_230_1.jpg,-120
445,m_0095_230_0.jpg,-120
446,m_0097_230_0.jpg,-120
447,m_0099_230_0.jpg,-120
448,m_0099_230_1.jpg,-120
449,m_0100_230_0.jpg,-120
450,m_0102_230_0.jpg,-120
451,m_0104_230_0.jpg,-120
452,m_0104_230_1.jpg,-120
453,m_0001_290_0.jpg,-180
454,m_0005_290_0.jpg,-180
455,m_0005_290_1.jpg,-180
456,m_0006_290_0.jpg,-180
457,m_0008_290_0.jpg,-180
458,m_0008_290_1.jpg,-180
459,m_0010_290_0.jpg,-180
460,m_0010_290_1.jpg,-180
461,m_0011_290_0.jpg,-180
462,m_0013_290_0.jpg,-180
463,m_0013_290_1.jpg,-180
464,m_0015_290_0.jpg,-180
465,m_0015_290_1.jpg,-180
466,m_0016_290_0.jpg,-180
467,m_0018_290_0.jpg,-180
468,m_0020_290_0.jpg,-180
469,m_0020_290_1.jpg,-180
470,m_0021_290_0.jpg,-180
471,m_0023_290_0.jpg,-180
472,m_0025_290_0.jpg,-180
473,m_0025_290_1.jpg,-180
474,m_0026_290_0.jpg,-180
475,m_0028_290_0.jpg,-180
476,m_0028_290_1.jpg,-180
477,m_0030_290_0.jpg,-180
478,m_0030_290_1.jpg,-180
479,m_0031_290_0.jpg,-180
480,m_0033_290_0.jpg,-180
481,m_0033_290_1.jpg,-180
482,m_0035_290_0.jpg,-180
483,m_0035_290_1.jpg,-180
484,m_0036_290_0.jpg,-180
485,m_0038_290_0.jpg,-180
486,m_0038_290_1.jpg,-180
487,m_0040_290_0.jpg,-180
488,m_0040_290_1.jpg,-180
489,m_0041_290_0.jpg,-180
490,m_0043_290_0.jpg,-180
491,m_0043_290_1.jpg,-180
492,m_0045_290_0.jpg,-180
493,m_0045_290_1.jpg,-180
494,m_0046_290_0.jpg,-180
495,m_0048_290_0.jpg,-180
496,m_0050_290_0.jpg,-180
497,m_0050_290_1.jpg,-180
498,m_0051_290_0.jpg,-180
499,m_0055_290_0.jpg,-180
500,m_0055_290_1.jpg,-180
501,m_0056_290_0.jpg,-180
502,m_0060_290_0.jpg,-180
503,m_0060_290_1.jpg,-180
504,m_0061_290_0.jpg,-180
505,m_0063_290_0.jpg,-180
506,m_0063_290_1.jpg,-180
507,m_0065_290_0.jpg,-180
508,m_0065_290_1.jpg,-180
509,m_0066_290_0.jpg,-180
510,m_0068_290_0.jpg,-180
511,m_0070_290_0.jpg,-180
512,m_0070_290_1.jpg,-180
513,m_0071_290_0.jpg,-180
514,m_0073_290_0.jpg,-180
515,m_0075_290_0.jpg,-180
516,m_0075_290_1.jpg,-180
517,m_0076_290_0.jpg,-180
518,m_0078_290_0.jpg,-180
519,m_0079_290_0.jpg,-180
520,m_0079_290_1.jpg,-180
521,m_0080_290_0.jpg,-180
522,m_0080_290_1.jpg,-180
523,m_0081_290_0.jpg,-180
524,m_0082_290_0.jpg,-180
525,m_0082_290_1.jpg,-180
526,m_0083_290_0.jpg,-180
527,m_0085_290_0.jpg,-180
528,m_0085_290_1.jpg,-180
529,m_0087_290_0.jpg,-180
530,m_0088_290_0.jpg,-180
531,m_0090_290_0.jpg,-180
532,m_0090_290_1.jpg,-180
533,m_0091_290_0.jpg,-180
534,m_0093_290_0.jpg,-180
535,m_0093_290_1.jpg,-180
536,m_0095_290_0.jpg,-180
537,m_0095_290_1.jpg,-180
538,m_0096_290_0.jpg,-180
539,m_0098_290_0.jpg,-180
540,m_0100_290_0.jpg,-180
541,m_0100_290_1.jpg,-180
542,m_0101_290_0.jpg,-180
543,m_0103_290_0.jpg,-180
544,m_0103_290_1.jpg,-180
545,m_0105_290_0.jpg,-180
546,m_0105_290_1.jpg,-180
547,m_0106_290_0.jpg,-180
548,m_0003_350_0.jpg,-240
549,m_0005_350_0.jpg,-240
550,m_0005_350_1.jpg,-240
551,m_0008_350_0.jpg,-240
552,m_0012_350_0.jpg,-240
553,m_0012_350_1.jpg,-240
554,m_0013_350_0.jpg,-240
555,m_0017_350_0.jpg,-240
556,m_0017_350_1.jpg,-240
557,m_0018_350_0.jpg,-240
558,m_0020_350_0.jpg,-240
559,m_0020_350_1.jpg,-240
560,m_0022_350_0.jpg,-240
561,m_0022_350_1.jpg,-240
562,m_0023_350_0.jpg,-240
563,m_0025_350_0.jpg,-240
564,m_0028_350_0.jpg,-240
565,m_0029_350_0.jpg,-240
566,m_0029_350_1.jpg,-240
567,m_0030_350_0.jpg,-240
568,m_0031_350_0.jpg,-240
569,m_0031_350_1.jpg,-240
570,m_0032_350_0.jpg,-240
571,m_0032_350_1.jpg,-240
572,m_0033_350_0.jpg,-240
573,m_0035_350_0.jpg,-240
574,m_0035_350_1.jpg,-240
575,m_0037_350_0.jpg,-240
576,m_0037_350_1.jpg,-240
577,m_0038_350_0.jpg,-240
578,m_0039_350_0.jpg,-240
579,m_0039_350_1.jpg,-240
580,m_0040_350_0.jpg,-240
581,m_0040_350_1.jpg,-240
582,m_0042_350_0.jpg,-240
583,m_0042_350_1.jpg,-240
584,m_0043_350_0.jpg,-240
585,m_0045_350_0.jpg,-240
586,m_0045_350_1.jpg,-240
587,m_0047_350_0.jpg,-240
588,m_0047_350_1.jpg,-240
589,m_0048_350_0.jpg,-240
590,m_0050_350_0.jpg,-240
591,m_0050_350_1.jpg,-240
592,m_0052_350_0.jpg,-240
593,m_0052_350_1.jpg,-240
594,m_0053_350_0.jpg,-240
595,m_0055_350_0.jpg,-240
596,m_0055_350_1.jpg,-240
597,m_0056_350_0.jpg,-240
598,m_0056_350_1.jpg,-240
599,m_0058_350_0.jpg,-240
600,m_0060_350_0.jpg,-240
601,m_0060_350_1.jpg,-240
602,m_0061_350_0.jpg,-240
603,m_0061_350_1.jpg,-240
604,m_0062_350_0.jpg,-240
605,m_0062_350_1.jpg,-240
606,m_0063_350_0.jpg,-240
607,m_0065_350_0.jpg,-240
608,m_0065_350_1.jpg,-240
609,m_0067_350_0.jpg,-240
610,m_0067_350_1.jpg,-240
611,m_0068_350_0.jpg,-240
612,m_0070_350_0.jpg,-240
613,m_0070_350_1.jpg,-240
614,m_0072_350_0.jpg,-240
615,m_0072_350_1.jpg,-240
616,m_0075_350_0.jpg,-240
617,m_0075_350_1.jpg,-240
618,m_0077_350_0.jpg,-240
619,m_0077_350_1.jpg,-240
620,m_0078_350_0.jpg,-240
621,m_0079_350_0.jpg,-240
622,m_0079_350_1.jpg,-240
623,m_0080_350_0.jpg,-240
624,m_0080_350_1.jpg,-240
625,m_0081_350_0.jpg,-240
626,m_0081_350_1.jpg,-240
627,m_0082_350_0.jpg,-240
628,m_0082_350_1.jpg,-240
629,m_0083_350_0.jpg,-240
630,m_0085_350_0.jpg,-240
631,m_0085_350_1.jpg,-240
632,m_0086_350_0.jpg,-240
633,m_0086_350_1.jpg,-240
634,m_0087_350_0.jpg,-240
635,m_0087_350_1.jpg,-240
636,m_0088_350_0.jpg,-240
637,m_0090_350_0.jpg,-240
638,m_0090_350_1.jpg,-240
639,m_0092_350_0.jpg,-240
640,m_0092_350_1.jpg,-240
641,m_0093_350_0.jpg,-240
642,m_0095_350_0.jpg,-240
643,m_0097_350_0.jpg,-240
644,m_0097_350_1.jpg,-240
645,m_0098_350_0.jpg,-240
646,m_0099_350_0.jpg,-240
647,m_0099_350_1.jpg,-240
648,m_0100_350_0.jpg,-240
649,m_0102 - Copy_350_0.jpg,-240
650,m_0102 - Copy_350_1.jpg,-240
651,m_0102_350_0.jpg,-240
652,m_0102_350_1.jpg,-240
653,m_0103_350_0.jpg,-240
654,m_0009_400_0.jpg,-290
655,m_0009_400_1.jpg,-290
656,m_0012_400_0.jpg,-290
657,m_0014_400_0.jpg,-290
658,m_0014_400_1.jpg,-290
659,m_0017_400_0.jpg,-290
660,m_0019_400_0.jpg,-290
661,m_0020_400_0.jpg,-290
662,m_0020_400_1.jpg,-290
663,m_0027_400_0.jpg,-290
664,m_0027_400_1.jpg,-290
665,m_0032_400_0.jpg,-290
666,m_0032_400_1.jpg,-290
667,m_0037_400_0.jpg,-290
668,m_0037_400_1.jpg,-290
669,m_0040 - Copy_400_0.jpg,-290
670,m_0040 - Copy_400_1.jpg,-290
671,m_0044_400_0.jpg,-290
672,m_0051_400_0.jpg,-290
673,m_0051_400_1.jpg,-290
674,m_0056_400_0.jpg,-290
675,m_0056_400_1.jpg,-290
676,m_0061_400_0.jpg,-290
677,m_0066_400_0.jpg,-290
678,m_0071_400_0.jpg,-290
679,m_0071_400_1.jpg,-290
680,m_0074_400_0.jpg,-290
681,m_0076_400_0.jpg,-290
682,m_0076_400_1.jpg,-290
683,m_0079_400_0.jpg,-290
684,m_0081_400_0.jpg,-290
685,m_0081_400_1.jpg,-290
686,m_0097_400_0.jpg,-290
687,m_0097_400_1.jpg,-290
688,m_0101_400_0.jpg,-290
689,m_0101_400_1.jpg,-290
690,m_0008_450_0.jpg,-340
691,m_0010_450_0.jpg,-340
692,m_0013_450_0.jpg,-340
693,m_0015_450_0.jpg,-340
694,m_0016_450_0.jpg,-340
695,m_0016_450_1.jpg,-340
696,m_0018_450_0.jpg,-340
697,m_0023_450_0.jpg,-340
698,m_0025_450_0.jpg,-340
699,m_0028_450_0.jpg,-340
700,m_0030_450_0.jpg,-340
701,m_0033_450_0.jpg,-340
702,m_0035_450_0.jpg,-340
703,m_0036_450_0.jpg,-340
704,m_0036_450_1.jpg,-340
705,m_0040_450_0.jpg,-340
706,m_0043_450_0.jpg,-340
707,m_0048_450_0.jpg,-340
708,m_0050_450_0.jpg,-340
709,m_0054_450_0.jpg,-340
710,m_0054_450_1.jpg,-340
711,m_0055_450_0.jpg,-340
712,m_0075_450_0.jpg,-340
713,m_0075_450_1.jpg,-340
714,m_0076_450_0.jpg,-340
715,m_0076_450_1.jpg,-340
716,m_0080_450_0.jpg,-340
717,m_0080_450_1.jpg,-340
718,m_0088_450_0.jpg,-340
719,m_0090_450_0.jpg,-340
720,m_0093_450_0.jpg,-340
721,m_0093_450_1.jpg,-340
722,m_0098_450_0.jpg,-340
723,m_0098_450_1.jpg,-340
724,m_0099_450_0.jpg,-340
725,m_0099_450_1.jpg,-340
726,m_0100_450_0.jpg,-340
727,m_0103_450_0.jpg,-340
728,m_0001_500_0.jpg,-390
729,m_0003_500_0.jpg,-390
730,m_0008_500_0.jpg,-390
731,m_0010_500_0.jpg,-390
732,m_0011_500_0.jpg,-390
733,m_0015_500_0.jpg,-390
734,m_0016_500_0.jpg,-390
735,m_0018_500_0.jpg,-390
736,m_0018_500_1.jpg,-390
737,m_0021_500_0.jpg,-390
738,m_0023_500_0.jpg,-390
739,m_0025_500_0.jpg,-390
740,m_0028_500_0.jpg,-390
741,m_0030_500_0.jpg,-390
742,m_0031_500_0.jpg,-390
743,m_0033_500_0.jpg,-390
744,m_0033_500_1.jpg,-390
745,m_0035_500_0.jpg,-390
746,m_0036_500_0.jpg,-390
747,m_0036_500_1.jpg,-390
748,m_0038_500_0.jpg,-390
749,m_0038_500_1.jpg,-390
750,m_0040_500_0.jpg,-390
751,m_0043_500_0.jpg,-390
752,m_0043_500_1.jpg,-390
753,m_0048_500_0.jpg,-390
754,m_0048_500_1.jpg,-390
755,m_0050_500_0.jpg,-390
756,m_0053_500_0.jpg,-390
757,m_0053_500_1.jpg,-390
758,m_0054_500_0.jpg,-390
759,m_0054_500_1.jpg,-390
760,m_0055_500_0.jpg,-390
761,m_0058_500_0.jpg,-390
762,m_0063_500_0.jpg,-390
763,m_0064_500_0.jpg,-390
764,m_0064_500_1.jpg,-390
765,m_0066_500_0.jpg,-390
766,m_0068_500_0.jpg,-390
767,m_0069_500_0.jpg,-390
768,m_0069_500_1.jpg,-390
769,m_0071_500_0.jpg,-390
770,m_0073_500_0.jpg,-390
771,m_0075_500_0.jpg,-390
772,m_0075_500_1.jpg,-390
773,m_0076_500_0.jpg,-390
774,m_0080_500_0.jpg,-390
775,m_0080_500_1.jpg,-390
776,m_0081_500_0.jpg,-390
777,m_0086_500_0.jpg,-390
778,m_0088_500_0.jpg,-390
779,m_0090_500_0.jpg,-390
780,m_0091_500_0.jpg,-390
781,m_0093_500_0.jpg,-390
782,m_0093_500_1.jpg,-390
783,m_0098_500_0.jpg,-390
784,m_0099_500_0.jpg,-390
785,m_0099_500_1.jpg,-390
786,m_0100_500_0.jpg,-390
787,m_0103_500_0.jpg,-390
788,m_0002_550_0.jpg,-440
789,m_0002_550_1.jpg,-440
790,m_0007_550_0.jpg,-440
791,m_0007_550_1.jpg,-440
792,m_0017_550_0.jpg,-440
793,m_0017_550_1.jpg,-440
794,m_0022_550_0.jpg,-440
795,m_0027_550_0.jpg,-440
796,m_0027_550_1.jpg,-440
797,m_0032_550_0.jpg,-440
798,m_0032_550_1.jpg,-440
799,m_0038_550_0.jpg,-440
800,m_0038_550_1.jpg,-440
801,m_0042_550_0.jpg,-440
802,m_0047_550_0.jpg,-440
803,m_0050_550_0.jpg,-440
804,m_0052_550_0.jpg,-440
805,m_0055_550_0.jpg,-440
806,m_0057_550_0.jpg,-440
807,m_0062_550_0.jpg,-440
808,m_0067_550_0.jpg,-440
809,m_0067_550_1.jpg,-440
810,m_0068_550_0.jpg,-440
811,m_0068_550_1.jpg,-440
812,m_0072_550_0.jpg,-440
813,m_0072_550_1.jpg,-440
814,m_0077_550_0.jpg,-440
815,m_0077_550_1.jpg,-440
816,m_0078_550_0.jpg,-440
817,m_0078_550_1.jpg,-440
818,m_0083_550_0.jpg,-440
819,m_0083_550_1.jpg,-440
820,m_0093_550_0.jpg,-440
821,m_0093_550_1.jpg,-440
822,m_0002_600_0.jpg,-490
823,m_0002_600_1.jpg,-490
824,m_0007_600_0.jpg,-490
825,m_0007_600_1.jpg,-490
826,m_0008_600_0.jpg,-490
827,m_0008_600_1.jpg,-490
828,m_0017_600_0.jpg,-490
829,m_0017_600_1.jpg,-490
830,m_0020_600_0.jpg,-490
831,m_0022_600_0.jpg,-490
832,m_0027_600_0.jpg,-490
833,m_0027_600_1.jpg,-490
834,m_0032_600_0.jpg,-490
835,m_0032_600_1.jpg,-490
836,m_0038_600_0.jpg,-490
837,m_0038_600_1.jpg,-490
838,m_0042_600_0.jpg,-490
839,m_0042_600_1.jpg,-490
840,m_0047_600_0.jpg,-490
841,m_0050_600_0.jpg,-490
842,m_0052_600_0.jpg,-490
843,m_0055_600_0.jpg,-490
844,m_0057_600_0.jpg,-490
845,m_0062_600_0.jpg,-490
846,m_0067_600_0.jpg,-490
847,m_0067_600_1.jpg,-490
848,m_0068_600_0.jpg,-490
849,m_0068_600_1.jpg,-490
850,m_0072_600_0.jpg,-490
851,m_0072_600_1.jpg,-490
852,m_0077_600_0.jpg,-490
853,m_0077_600_1.jpg,-490
854,m_0078_600_0.jpg,-490
855,m_0083_600_0.jpg,-490
856,m_0083_600_1.jpg,-490
857,m_0086_600_0.jpg,-490
858,m_0086_600_1.jpg,-490
859,m_0087_600_0.jpg,-490
860,m_0087_600_1.jpg,-490
861,m_0088_600_0.jpg,-490
862,m_0088_600_1.jpg,-490
863,m_0092_600_0.jpg,-490
864,m_0092_600_1.jpg,-490
865,m_0093_600_0.jpg,-490
866,m_0093_600_1.jpg,-490
867,m_0098_600_0.jpg,-490
868,m_0098_600_1.jpg,-490
869,m_0102_600_0.jpg,-490
870,m_0102_600_1.jpg,-490
871,m_0103_600_0.jpg,-490
872,m_0103_600_1.jpg,-490
873,m_0002_70_0.jpg,40
874,m_0002_70_1.jpg,40
875,m_0004_70_0.jpg,40
876,m_0004_70_1.jpg,40
877,m_0005_70_0.jpg,40
878,m_0007_70_0.jpg,40
879,m_0007_70_1.jpg,40
880,m_0009_70_0.jpg,40
881,m_0009_70_1.jpg,40
882,m_0010_70_0.jpg,40
883,m_0012_70_0.jpg,40
884,m_0012_70_1.jpg,40
885,m_0014_70_0.jpg,40
886,m_0014_70_1.jpg,40
887,m_0015_70_0.jpg,40
888,m_0017_70_0.jpg,40
889,m_0017_70_1.jpg,40
890,m_0019_70_0.jpg,40
891,m_0019_70_1.jpg,40
892,m_0020_70_0.jpg,40
893,m_0022_70_0.jpg,40
894,m_0022_70_1.jpg,40
895,m_0024_70_0.jpg,40
896,m_0024_70_1.jpg,40
897,m_0025_70_0.jpg,40
898,m_0027_70_0.jpg,40
899,m_0027_70_1.jpg,40
900,m_0029_70_0.jpg,40
901,m_0029_70_1.jpg,40
902,m_0030_70_0.jpg,40
903,m_0032_70_0.jpg,40
904,m_0032_70_1.jpg,40
905,m_0034_70_0.jpg,40
906,m_0034_70_1.jpg,40
907,m_0035_70_0.jpg,40
908,m_0037_70_0.jpg,40
909,m_0037_70_1.jpg,40
910,m_0039_70_0.jpg,40
911,m_0039_70_1.jpg,40
912,m_0042_70_0.jpg,40
913,m_0042_70_1.jpg,40
914,m_0044_70_0.jpg,40
915,m_0044_70_1.jpg,40
916,m_0045_70_0.jpg,40
917,m_0047_70_0.jpg,40
918,m_0047_70_1.jpg,40
919,m_0049_70_0.jpg,40
920,m_0049_70_1.jpg,40
921,m_0050_70_0.jpg,40
922,m_0052_70_0.jpg,40
923,m_0052_70_1.jpg,40
924,m_0054_70_0.jpg,40
925,m_0054_70_1.jpg,40
926,m_0055_70_0.jpg,40
927,m_0057_70_0.jpg,40
928,m_0057_70_1.jpg,40
929,m_0059_70_0.jpg,40
930,m_0059_70_1.jpg,40
931,m_0060_70_0.jpg,40
932,m_0062_70_0.jpg,40
933,m_0062_70_1.jpg,40
934,m_0064_70_0.jpg,40
935,m_0064_70_1.jpg,40
936,m_0065_70_0.jpg,40
937,m_0067_70_0.jpg,40
938,m_0067_70_1.jpg,40
939,m_0069_70_0.jpg,40
940,m_0069_70_1.jpg,40
941,m_0070_70_0.jpg,40
942,m_0072_70_0.jpg,40
943,m_0072_70_1.jpg,40
944,m_0073_70_0.jpg,40
945,m_0075_70_0.jpg,40
946,m_0077_70_0.jpg,40
947,m_0077_70_1.jpg,40
948,m_0078_70_0.jpg,40
949,m_0078_70_1.jpg,40
950,m_0079_70_0.jpg,40
951,m_0079_70_1.jpg,40
952,m_0080_70_0.jpg,40
953,m_0082_70_0.jpg,40
954,m_0082_70_1.jpg,40
955,m_0084_70_0.jpg,40
956,m_0085_70_0.jpg,40
957,m_0086_70_0.jpg,40
958,m_0086_70_1.jpg,40
959,m_0087_70_0.jpg,40
960,m_0087_70_1.jpg,40
961,m_0089_70_0.jpg,40
962,m_0089_70_1.jpg,40
963,m_0090_70_0.jpg,40
964,m_0092_70_0.jpg,40
965,m_0092_70_1.jpg,40
966,m_0094_70_0.jpg,40
967,m_0094_70_1.jpg,40
968,m_0095_70_0.jpg,40
969,m_0097_70_0.jpg,40
970,m_0097_70_1.jpg,40
971,m_0098_70_0.jpg,40
972,m_0100_70_0.jpg,40
973,m_0100_70_1.jpg,40
974,m_0102_70_0.jpg,40
975,m_0102_70_1.jpg,40
976,m_0103_70_0.jpg,40
977,m_0105_70_0.jpg,40
978,m_0105_70_1.jpg,40
979,m_0001_700_0.jpg,-590
980,m_0001_700_1.jpg,-590
981,m_0002_700_0.jpg,-590
982,m_0002_700_1.jpg,-590
983,m_0004_700_0.jpg,-590
984,m_0005_700_0.jpg,-590
985,m_0005_700_1.jpg,-590
986,m_0006_700_0.jpg,-590
987,m_0006_700_1.jpg,-590
988,m_0007_700_0.jpg,-590
989,m_0007_700_1.jpg,-590
990,m_0010_700_0.jpg,-590
991,m_0010_700_1.jpg,-590
992,m_0011_700_0.jpg,-590
993,m_0011_700_1.jpg,-590
994,m_0012_700_0.jpg,-590
995,m_0012_700_1.jpg,-590
996,m_0015_700_0.jpg,-590
997,m_0015_700_1.jpg,-590
998,m_0016_700_0.jpg,-590
999,m_0016_700_1.jpg,-590
1000,m_0017_700_0.jpg,-590
1001,m_0017_700_1.jpg,-590
1002,m_0020_700_0.jpg,-590
1003,m_0020_700_1.jpg,-590
1004,m_0021_700_0.jpg,-590
1005,m_0021_700_1.jpg,-590
1006,m_0022_700_0.jpg,-590
1007,m_0022_700_1.jpg,-590
1008,m_0025_700_0.jpg,-590
1009,m_0025_700_1.jpg,-590
1010,m_0026_700_0.jpg,-590
1011,m_0026_700_1.jpg,-590
1012,m_0027_700_0.jpg,-590
1013,m_0027_700_1.jpg,-590
1014,m_0030_700_0.jpg,-590
1015,m_0030_700_1.jpg,-590
1016,m_0031_700_0.jpg,-590
1017,m_0031_700_1.jpg,-590
1018,m_0032_700_0.jpg,-590
1019,m_0032_700_1.jpg,-590
1020,m_0035_700_0.jpg,-590
1021,m_0035_700_1.jpg,-590
1022,m_0036_700_0.jpg,-590
1023,m_0036_700_1.jpg,-590
1024,m_0037_700_0.jpg,-590
1025,m_0037_700_1.jpg,-590
1026,m_0040_700_0.jpg,-590
1027,m_0040_700_1.jpg,-590
1028,m_0041_700_0.jpg,-590
1029,m_0041_700_1.jpg,-590
1030,m_0042_700_0.jpg,-590
1031,m_0042_700_1.jpg,-590
1032,m_0045_700_0.jpg,-590
1033,m_0045_700_1.jpg,-590
1034,m_0046_700_0.jpg,-590
1035,m_0046_700_1.jpg,-590
1036,m_0047_700_0.jpg,-590
1037,m_0047_700_1.jpg,-590
1038,m_0050_700_0.jpg,-590
1039,m_0050_700_1.jpg,-590
1040,m_0051_700_0.jpg,-590
1041,m_0051_700_1.jpg,-590
1042,m_0052_700_0.jpg,-590
1043,m_0052_700_1.jpg,-590
1044,m_0055_700_0.jpg,-590
1045,m_0055_700_1.jpg,-590
1046,m_0056_700_0.jpg,-590
1047,m_0056_700_1.jpg,-590
1048,m_0057_700_0.jpg,-590
1049,m_0057_700_1.jpg,-590
1050,m_0060_700_0.jpg,-590
1051,m_0060_700_1.jpg,-590
1052,m_0061_700_0.jpg,-590
1053,m_0061_700_1.jpg,-590
1054,m_0062_700_0.jpg,-590
1055,m_0062_700_1.jpg,-590
1056,m_0065_700_0.jpg,-590
1057,m_0065_700_1.jpg,-590
1058,m_0067_700_0.jpg,-590
1059,m_0067_700_1.jpg,-590
1060,m_0070_700_0.jpg,-590
1061,m_0070_700_1.jpg,-590
1062,m_0071_700_0.jpg,-590
1063,m_0071_700_1.jpg,-590
1064,m_0072_700_0.jpg,-590
1065,m_0072_700_1.jpg,-590
1066,m_0075_700_0.jpg,-590
1067,m_0075_700_1.jpg,-590
1068,m_0076_700_0.jpg,-590
1069,m_0076_700_1.jpg,-590
1070,m_0077_700_0.jpg,-590
1071,m_0077_700_1.jpg,-590
1072,m_0080_700_0.jpg,-590
1073,m_0080_700_1.jpg,-590
1074,m_0081_700_0.jpg,-590
1075,m_0081_700_1.jpg,-590
1076,m_0082_700_0.jpg,-590
1077,m_0082_700_1.jpg,-590
1078,m_0085_700_0.jpg,-590
1079,m_0085_700_1.jpg,-590
1080,m_0086_700_0.jpg,-590
1081,m_0086_700_1.jpg,-590
1082,m_0087_700_0.jpg,-590
1083,m_0087_700_1.jpg,-590
1084,m_0088_700_0.jpg,-590
1085,m_0088_700_1.jpg,-590
1086,m_0090_700_0.jpg,-590
1087,m_0090_700_1.jpg,-590
1088,m_0091_700_0.jpg,-590
1089,m_0091_700_1.jpg,-590
1090,m_0092_700_0.jpg,-590
1091,m_0092_700_1.jpg,-590
1092,m_0095_700_0.jpg,-590
1093,m_0096_700_0.jpg,-590
1094,m_0097_700_0.jpg,-590
1095,m_0097_700_1.jpg,-590
1096,m_0100_700_0.jpg,-590
1097,m_0100_700_1.jpg,-590
1098,m_0102_700_0.jpg,-590
1099,m_0102_700_1.jpg,-590
1100,m_0104_700_0.jpg,-590
1101,m_0105_700_0.jpg,-590
1102,m_0105_700_1.jpg,-590
1103,m_0107_700_0.jpg,-590
1104,m_0107_700_1.jpg,-590
1105,m_0009_800_0.jpg,-690
1106,m_0009_800_1.jpg,-690
1107,m_0010_800_0.jpg,-690
1108,m_0010_800_1.jpg,-690
1109,m_0014_800_0.jpg,-690
1110,m_0014_800_1.jpg,-690
1111,m_0016_800_0.jpg,-690
1112,m_0016_800_1.jpg,-690
1113,m_0026_800_0.jpg,-690
1114,m_0026_800_1.jpg,-690
1115,m_0028_800_0.jpg,-690
1116,m_0031_800_0.jpg,-690
1117,m_0031_800_1.jpg,-690
1118,m_0032_800_0.jpg,-690
1119,m_0032_800_1.jpg,-690
1120,m_0033_800_0.jpg,-690
1121,m_0036_800_0.jpg,-690
1122,m_0036_800_1.jpg,-690
1123,m_0040_800_0.jpg,-690
1124,m_0040_800_1.jpg,-690
1125,m_0045_800_0.jpg,-690
1126,m_0045_800_1.jpg,-690
1127,m_0046_800_0.jpg,-690
1128,m_0046_800_1.jpg,-690
1129,m_0048_800_0.jpg,-690
1130,m_0050_800_0.jpg,-690
1131,m_0050_800_1.jpg,-690
1132,m_0053_800_0.jpg,-690
1133,m_0056_800_0.jpg,-690
1134,m_0056_800_1.jpg,-690
1135,m_0058_800_0.jpg,-690
1136,m_0060_800_0.jpg,-690
1137,m_0060_800_1.jpg,-690
1138,m_0063_800_0.jpg,-690
1139,m_0065_800_0.jpg,-690
1140,m_0068_800_0.jpg,-690
1141,m_0070_800_0.jpg,-690
1142,m_0073_800_0.jpg,-690
1143,m_0075_800_0.jpg,-690
1144,m_0078_800_0.jpg,-690
1145,m_0080_800_0.jpg,-690
1146,m_0083_800_0.jpg,-690
1147,m_0085_800_0.jpg,-690
1148,m_0095_800_0.jpg,-690
1149,m_0095_800_1.jpg,-690
1150,m_0098_800_0.jpg,-690
1151,m_0100_800_0.jpg,-690
1152,m_0103_800_0.jpg,-690
1153,m_0105_800_0.jpg,-690
1154,m_0002_900_0.jpg,-790
1155,m_0002_900_1.jpg,-790
1156,m_0007_900_0.jpg,-790
1157,m_0007_900_1.jpg,-790
1158,m_0009_900_0.jpg,-790
1159,m_0010_900_0.jpg,-790
1160,m_0010_900_1.jpg,-790
1161,m_0012_900_0.jpg,-790
1162,m_0012_900_1.jpg,-790
1163,m_0013_900_0.jpg,-790
1164,m_0013_900_1.jpg,-790
1165,m_0014_900_0.jpg,-790
1166,m_0014_900_1.jpg,-790
1167,m_0017_900_0.jpg,-790
1168,m_0017_900_1.jpg,-790
1169,m_0019_900_0.jpg,-790
1170,m_0019_900_1.jpg,-790
1171,m_0021_900_0.jpg,-790
1172,m_0022_900_0.jpg,-790
1173,m_0024_900_0.jpg,-790
1174,m_0024_900_1.jpg,-790
1175,m_0025_900_0.jpg,-790
1176,m_0025_900_1.jpg,-790
1177,m_0026_900_0.jpg,-790
1178,m_0027_900_0.jpg,-790
1179,m_0027_900_1.jpg,-790
1180,m_0029_900_0.jpg,-790
1181,m_0030_900_0.jpg,-790
1182,m_0030_900_1.jpg,-790
1183,m_0032_900_0.jpg,-790
1184,m_0032_900_1.jpg,-790
1185,m_0034_900_0.jpg,-790
1186,m_0037_900_0.jpg,-790
1187,m_0037_900_1.jpg,-790
1188,m_0038_900_0.jpg,-790
1189,m_0038_900_1.jpg,-790
1190,m_0039_900_0.jpg,-790
1191,m_0039_900_1.jpg,-790
1192,m_0041_900_0.jpg,-790
1193,m_0042_900_0.jpg,-790
1194,m_0042_900_1.jpg,-790
1195,m_0043_900_0.jpg,-790
1196,m_0043_900_1.jpg,-790
1197,m_0044_900_0.jpg,-790
1198,m_0044_900_1.jpg,-790
1199,m_0045_900_0.jpg,-790
1200,m_0045_900_1.jpg,-790
1201,m_0046_900_0.jpg,-790
1202,m_0047_900_0.jpg,-790
1203,m_0047_900_1.jpg,-790
1204,m_0049_900_0.jpg,-790
1205,m_0050_900_0.jpg,-790
1206,m_0050_900_1.jpg,-790
1207,m_0052_900_0.jpg,-790
1208,m_0052_900_1.jpg,-790
1209,m_0054_900_0.jpg,-790
1210,m_0054_900_1.jpg,-790
1211,m_0057_900_0.jpg,-790
1212,m_0057_900_1.jpg,-790
1213,m_0059_900_0.jpg,-790
1214,m_0059_900_1.jpg,-790
1215,m_0061_900_0.jpg,-790
1216,m_0062_900_0.jpg,-790
1217,m_0062_900_1.jpg,-790
1218,m_0064_900_0.jpg,-790
1219,m_0064_900_1.jpg,-790
1220,m_0067_900_0.jpg,-790
1221,m_0067_900_1.jpg,-790
1222,m_0068_900_0.jpg,-790
1223,m_0068_900_1.jpg,-790
1224,m_0069_900_0.jpg,-790
1225,m_0069_900_1.jpg,-790
1226,m_0072_900_0.jpg,-790
1227,m_0072_900_1.jpg,-790
1228,m_0074_900_0.jpg,-790
1229,m_0074_900_1.jpg,-790
1230,m_0076_900_0.jpg,-790
1231,m_0077_900_0.jpg,-790
1232,m_0077_900_1.jpg,-790
1233,m_0078_900_0.jpg,-790
1234,m_0078_900_1.jpg,-790
1235,m_0079_900_0.jpg,-790
1236,m_0079_900_1.jpg,-790
1237,m_0080_900_0.jpg,-790
1238,m_0080_900_1.jpg,-790
1239,m_0082_900_0.jpg,-790
1240,m_0082_900_1.jpg,-790
1241,m_0083_900_0.jpg,-790
1242,m_0083_900_1.jpg,-790
1243,m_0084_900_0.jpg,-790
1244,m_0084_900_1.jpg,-790
1245,m_0087_900_0.jpg,-790
1246,m_0087_900_1.jpg,-790
1247,m_0089_900_0.jpg,-790
1248,m_0089_900_1.jpg,-790
1249,m_0092_900_0.jpg,-790
1250,m_0092_900_1.jpg,-790
1251,m_0093_900_0.jpg,-790
1252,m_0094_900_0.jpg,-790
1253,m_0094_900_1.jpg,-790
1254,m_0096_900_0.jpg,-790
1255,m_0097_900_0.jpg,-790
1256,m_0097_900_1.jpg,-790
1257,m_0099_900_0.jpg,-790
1258,m_0099_900_1.jpg,-790
1259,m_0001_980_0.jpg,-870
1260,m_0001_980_1.jpg,-870
1261,m_0002_980_0.jpg,-870
1262,m_0002_980_1.jpg,-870
1263,m_0003_980_0.jpg,-870
1264,m_0003_980_1.jpg,-870
1265,m_0004_980_0.jpg,-870
1266,m_0005_980_0.jpg,-870
1267,m_0005_980_1.jpg,-870
1268,m_0006_980_0.jpg,-870
1269,m_0006_980_1.jpg,-870
1270,m_0007_980_0.jpg,-870
1271,m_0007_980_1.jpg,-870
1272,m_0008_980_0.jpg,-870
1273,m_0008_980_1.jpg,-870
1274,m_0010_980_0.jpg,-870
1275,m_0010_980_1.jpg,-870
1276,m_0011_980_0.jpg,-870
1277,m_0011_980_1.jpg,-870
1278,m_0012_980_0.jpg,-870
1279,m_0012_980_1.jpg,-870
1280,m_0013_980_0.jpg,-870
1281,m_0013_980_1.jpg,-870
1282,m_0014_980_0.jpg,-870
1283,m_0015_980_0.jpg,-870
1284,m_0015_980_1.jpg,-870
1285,m_0016_980_0.jpg,-870
1286,m_0017_980_0.jpg,-870
1287,m_0017_980_1.jpg,-870
1288,m_0018_980_0.jpg,-870
1289,m_0018_980_1.jpg,-870
1290,m_0019_980_0.jpg,-870
1291,m_0020_980_0.jpg,-870
1292,m_0020_980_1.jpg,-870
1293,m_0021_980_0.jpg,-870
1294,m_0021_980_1.jpg,-870
1295,m_0022_980_0.jpg,-870
1296,m_0022_980_1.jpg,-870
1297,m_0023_980_0.jpg,-870
1298,m_0023_980_1.jpg,-870
1299,m_0024_980_0.jpg,-870
1300,m_0025_980_0.jpg,-870
1301,m_0025_980_1.jpg,-870
1302,m_0026_980_0.jpg,-870
1303,m_0026_980_1.jpg,-870
1304,m_0027_980_0.jpg,-870
1305,m_0027_980_1.jpg,-870
1306,m_0028_980_0.jpg,-870
1307,m_0028_980_1.jpg,-870
1308,m_0029_980_0.jpg,-870
1309,m_0030_980_0.jpg,-870
1310,m_0030_980_1.jpg,-870
1311,m_0031_980_0.jpg,-870
1312,m_0031_980_1.jpg,-870
1313,m_0032_980_0.jpg,-870
1314,m_0032_980_1.jpg,-870
1315,m_0033_980_0.jpg,-870
1316,m_0033_980_1.jpg,-870
1317,m_0034_980_0.jpg,-870
1318,m_0035_980_0.jpg,-870
1319,m_0035_980_1.jpg,-870
1320,m_0037_980_0.jpg,-870
1321,m_0037_980_1.jpg,-870
1322,m_0038_980_0.jpg,-870
1323,m_0038_980_1.jpg,-870
1324,m_0039_980_0.jpg,-870
1325,m_0040_980_0.jpg,-870
1326,m_0040_980_1.jpg,-870
1327,m_0041_980_0.jpg,-870
1328,m_0041_980_1.jpg,-870
1329,m_0042_980_0.jpg,-870
1330,m_0042_980_1.jpg,-870
1331,m_0043_980_0.jpg,-870
1332,m_0043_980_1.jpg,-870
1333,m_0044_980_0.jpg,-870
1334,m_0045_980_0.jpg,-870
1335,m_0045_980_1.jpg,-870
1336,m_0046_980_0.jpg,-870
1337,m_0046_980_1.jpg,-870
1338,m_0048_980_0.jpg,-870
1339,m_0048_980_1.jpg,-870
1340,m_0049_980_0.jpg,-870
1341,m_0050_980_0.jpg,-870
1342,m_0050_980_1.jpg,-870
1343,m_0051_980_0.jpg,-870
1344,m_0051_980_1.jpg,-870
1345,m_0052_980_0.jpg,-870
1346,m_0052_980_1.jpg,-870
1347,m_0053_980_0.jpg,-870
1348,m_0053_980_1.jpg,-870
1349,m_0054_980_0.jpg,-870
1350,m_0055_980_0.jpg,-870
1351,m_0055_980_1.jpg,-870
1352,m_0056_980_0.jpg,-870
1353,m_0056_980_1.jpg,-870
1354,m_0057_980_0.jpg,-870
1355,m_0057_980_1.jpg,-870
1356,m_0058_980_0.jpg,-870
1357,m_0058_980_1.jpg,-870
1358,m_0059_980_0.jpg,-870
1359,m_0060_980_0.jpg,-870
1360,m_0060_980_1.jpg,-870
1361,m_0061_980_0.jpg,-870
1362,m_0062_980_0.jpg,-870
1363,m_0062_980_1.jpg,-870
1364,m_0063_980_0.jpg,-870
1365,m_0063_980_1.jpg,-870
1366,m_0064_980_0.jpg,-870
1367,m_0065_980_0.jpg,-870
1368,m_0065_980_1.jpg,-870
1369,m_0066_980_0.jpg,-870
1370,m_0066_980_1.jpg,-870
1371,m_0067_980_0.jpg,-870
1372,m_0068_980_0.jpg,-870
1373,m_0068_980_1.jpg,-870
1374,m_0069_980_0.jpg,-870
1375,m_0069_980_1.jpg,-870
1376,m_0070_980_0.jpg,-870
1377,m_0070_980_1.jpg,-870
1378,m_0071_980_0.jpg,-870
1379,m_0071_980_1.jpg,-870
1380,m_0072_980_0.jpg,-870
1381,m_0073_980_0.jpg,-870
1382,m_0073_980_1.jpg,-870
1383,m_0074_980_0.jpg,-870
1384,m_0075_980_0.jpg,-870
1385,m_0075_980_1.jpg,-870
1386,m_0076_980_0.jpg,-870
1387,m_0076_980_1.jpg,-870
1388,m_0077_980_0.jpg,-870
1389,m_0077_980_1.jpg,-870
1390,m_0078_980_0.jpg,-870
1391,m_0078_980_1.jpg,-870
1392,m_0079_980_0.jpg,-870
1393,m_0080_980_0.jpg,-870
1394,m_0080_980_1.jpg,-870
1395,m_0081_980_0.jpg,-870
1396,m_0081_980_1.jpg,-870
1397,m_0082_980_0.jpg,-870
1398,m_0082_980_1.jpg,-870
1399,m_0083_980_0.jpg,-870
1400,m_0083_980_1.jpg,-870
1401,m_0084_980_0.jpg,-870
1402,m_0085_980_0.jpg,-870
1403,m_0085_980_1.jpg,-870
1404,m_0086_980_0.jpg,-870
1405,m_0087_980_0.jpg,-870
1406,m_0087_980_1.jpg,-870
1407,m_0088_980_0.jpg,-870
1408,m_0088_980_1.jpg,-870
1409,m_0089_980_0.jpg,-870
1410,m_0090_980_0.jpg,-870
1411,m_0090_980_1.jpg,-870
1412,m_0091_980_0.jpg,-870
1413,m_0092_980_0.jpg,-870
1414,m_0092_980_1.jpg,-870
1415,m_0093_980_0.jpg,-870
1416,m_0093_980_1.jpg,-870
1417,m_0094_980_0.jpg,-870
1418,m_0095_980_0.jpg,-870
1419,m_0095_980_1.jpg,-870
1420,m_0096_980_0.jpg,-870
1421,m_0096_980_1.jpg,-870
1422,m_0097_980_0.jpg,-870
1423,m_0097_980_1.jpg,-870
1424,m_0098_980_0.jpg,-870
1425,m_0098_980_1.jpg,-870
1426,m_0099_980_0.jpg,-870
1427,m_0100_980_0.jpg,-870
1428,m_0100_980_1.jpg,-870
1429,m_0101_980_0.jpg,-870
1430,m_0102_980_0.jpg,-870
1431,m_0102_980_1.jpg,-870
1432,m_0103_980_0.jpg,-870
1433,m_0103_980_1.jpg,-870
1434,m_0104_980_0.jpg,-870
1435,m_0105_980_0.jpg,-870
1436,m_0105_980_1.jpg,-870
1437,m_0106_980_0.jpg,-870
1438,p_0003_0_0.jpg,110
1439,p_0006_0_0.jpg,110
1440,p_0006_0_1.jpg,110
1441,p_0009_0_0.jpg,110
1442,p_0009_0_1.jpg,110
1443,p_0011_0_0.jpg,110
1444,p_0011_0_1.jpg,110
1445,p_0012_0_0.jpg,110
1446,p_0012_0_1.jpg,110
1447,p_0014_0_0.jpg,110
1448,p_0014_0_1.jpg,110
1449,p_0016_0_0.jpg,110
1450,p_0016_0_1.jpg,110
1451,p_0018_0_0.jpg,110
1452,p_0018_0_1.jpg,110
1453,p_0021_0_0.jpg,110
1454,p_0021_0_1.jpg,110
1455,p_0023_0_0.jpg,110
1456,p_0023_0_1.jpg,110
1457,p_0025_0_0.jpg,110
1458,p_0026_0_0.jpg,110
1459,p_0026_0_1.jpg,110
1460,p_0028_0_0.jpg,110
1461,p_0029_0_0.jpg,110
1462,p_0029_0_1.jpg,110
1463,p_0030_0_0.jpg,110
1464,p_0031_0_0.jpg,110
1465,p_0031_0_1.jpg,110
1466,p_0033_0_0.jpg,110
1467,p_0036_0_0.jpg,110
1468,p_0036_0_1.jpg,110
1469,p_0038_0_0.jpg,110
1470,p_0038_0_1.jpg,110
1471,p_0041_0_0.jpg,110
1472,p_0041_0_1.jpg,110
1473,p_0042_0_0.jpg,110
1474,p_0043_0_0.jpg,110
1475,p_0043_0_1.jpg,110
1476,p_0046_0_0.jpg,110
1477,p_0046_0_1.jpg,110
1478,p_0047_0_0.jpg,110
1479,p_0050_0_0.jpg,110
1480,p_0051_0_0.jpg,110
1481,p_0051_0_1.jpg,110
1482,p_0052_0_0.jpg,110
1483,p_0053_0_0.jpg,110
1484,p_0053_0_1.jpg,110
1485,p_0056_0_0.jpg,110
1486,p_0056_0_1.jpg,110
1487,p_0058_0_0.jpg,110
1488,p_0058_0_1.jpg,110
1489,p_0060_0_0.jpg,110
1490,p_0061_0_0.jpg,110
1491,p_0061_0_1.jpg,110
1492,p_0062_0_0.jpg,110
1493,p_0063_0_0.jpg,110
1494,p_0063_0_1.jpg,110
1495,p_0066_0_0.jpg,110
1496,p_0066_0_1.jpg,110
1497,p_0068_0_0.jpg,110
1498,p_0068_0_1.jpg,110
1499,p_0071_0_0.jpg,110
1500,p_0071_0_1.jpg,110
1501,p_0073_0_0.jpg,110
1502,p_0073_0_1.jpg,110
1503,p_0076_0_0.jpg,110
1504,p_0076_0_1.jpg,110
1505,p_0077_0_0.jpg,110
1506,p_0078_0_0.jpg,110
1507,p_0078_0_1.jpg,110
1508,p_0081_0_0.jpg,110
1509,p_0081_0_1.jpg,110
1510,p_0083_0_0.jpg,110
1511,p_0083_0_1.jpg,110
1512,p_0086_0_0.jpg,110
1513,p_0086_0_1.jpg,110
1514,p_0089_0_0.jpg,110
1515,p_0089_0_1.jpg,110
1516,p_0091_0_0.jpg,110
1517,p_0091_0_1.jpg,110
1518,p_0093_0_0.jpg,110
1519,p_0096_0_0.jpg,110
1520,p_0096_0_1.jpg,110
1521,p_0099_0_0.jpg,110
1522,p_0099_0_1.jpg,110
1523,p_0101_0_0.jpg,110
1524,p_0101_0_1.jpg,110
1525,p_0104_0_0.jpg,110
1526,p_0104_0_1.jpg,110
1527,p_0001_100_0.jpg,210
1528,p_0004_100_0.jpg,210
1529,p_0006_100_0.jpg,210
1530,p_0007_100_0.jpg,210
1531,p_0007_100_1.jpg,210
1532,p_0009_100_0.jpg,210
1533,p_0011_100_0.jpg,210
1534,p_0012_100_0.jpg,210
1535,p_0012_100_1.jpg,210
1536,p_0014_100_0.jpg,210
1537,p_0016_100_0.jpg,210
1538,p_0017_100_0.jpg,210
1539,p_0017_100_1.jpg,210
1540,p_0021_100_0.jpg,210
1541,p_0022_100_0.jpg,210
1542,p_0022_100_1.jpg,210
1543,p_0024_100_0.jpg,210
1544,p_0026_100_0.jpg,210
1545,p_0027_100_0.jpg,210
1546,p_0027_100_1.jpg,210
1547,p_0029_100_0.jpg,210
1548,p_0031_100_0.jpg,210
1549,p_0032_100_0.jpg,210
1550,p_0032_100_1.jpg,210
1551,p_0034_100_0.jpg,210
1552,p_0036_100_0.jpg,210
1553,p_0037_100_0.jpg,210
1554,p_0037_100_1.jpg,210
1555,p_0039_100_0.jpg,210
1556,p_0041_100_0.jpg,210
1557,p_0042_100_0.jpg,210
1558,p_0042_100_1.jpg,210
1559,p_0044_100_0.jpg,210
1560,p_0046_100_0.jpg,210
1561,p_0047_100_0.jpg,210
1562,p_0047_100_1.jpg,210
1563,p_0049_100_0.jpg,210
1564,p_0051_100_0.jpg,210
1565,p_0052_100_0.jpg,210
1566,p_0052_100_1.jpg,210
1567,p_0055_100_0.jpg,210
1568,p_0055_100_1.jpg,210
1569,p_0057_100_0.jpg,210
1570,p_0057_100_1.jpg,210
1571,p_0060_100_0.jpg,210
1572,p_0060_100_1.jpg,210
1573,p_0062_100_0.jpg,210
1574,p_0062_100_1.jpg,210
1575,p_0064_100_0.jpg,210
1576,p_0066_100_0.jpg,210
1577,p_0067_100_0.jpg,210
1578,p_0067_100_1.jpg,210
1579,p_0069_100_0.jpg,210
1580,p_0071_100_0.jpg,210
1581,p_0072_100_0.jpg,210
1582,p_0072_100_1.jpg,210
1583,p_0074_100_0.jpg,210
1584,p_0074_100_1.jpg,210
1585,p_0077_100_0.jpg,210
1586,p_0077_100_1.jpg,210
1587,p_0079_100_0.jpg,210
1588,p_0079_100_1.jpg,210
1589,p_0082_100_0.jpg,210
1590,p_0082_100_1.jpg,210
1591,p_0084_100_0.jpg,210
1592,p_0084_100_1.jpg,210
1593,p_0087_100_0.jpg,210
1594,p_0087_100_1.jpg,210
1595,p_0089_100_0.jpg,210
1596,p_0089_100_1.jpg,210
1597,p_0092_100_0.jpg,210
1598,p_0092_100_1.jpg,210
1599,p_0094_100_0.jpg,210
1600,p_0094_100_1.jpg,210
1601,p_0096_100_0.jpg,210
1602,p_0097_100_0.jpg,210
1603,p_0097_100_1.jpg,210
1604,p_0099_100_0.jpg,210
1605,p_0099_100_1.jpg,210
1606,p_0102_100_0.jpg,210
1607,p_0102_100_1.jpg,210
1608,p_0104_100_0.jpg,210
1609,p_0104_100_1.jpg,210
1610,p_0001_1000_0.jpg,1110
1611,p_0004_1000_0.jpg,1110
1612,p_0004_1000_1.jpg,1110
1613,p_0006_1000_0.jpg,1110
1614,p_0008_1000_0.jpg,1110
1615,p_0009_1000_0.jpg,1110
1616,p_0009_1000_1.jpg,1110
1617,p_0010_1000_0.jpg,1110
1618,p_0010_1000_1.jpg,1110
1619,p_0011_1000_0.jpg,1110
1620,p_0014_1000_0.jpg,1110
1621,p_0014_1000_1.jpg,1110
1622,p_0016_1000_0.jpg,1110
1623,p_0018_1000_0.jpg,1110
1624,p_0019_1000_0.jpg,1110
1625,p_0019_1000_1.jpg,1110
1626,p_0021_1000_0.jpg,1110
1627,p_0024_1000_0.jpg,1110
1628,p_0024_1000_1.jpg,1110
1629,p_0026_1000_0.jpg,1110
1630,p_0029_1000_0.jpg,1110
1631,p_0029_1000_1.jpg,1110
1632,p_0031_1000_0.jpg,1110
1633,p_0033_1000_0.jpg,1110
1634,p_0034_1000_0.jpg,1110
1635,p_0034_1000_1.jpg,1110
1636,p_0036_1000_0.jpg,1110
1637,p_0038_1000_0.jpg,1110
1638,p_0039_1000_0.jpg,1110
1639,p_0039_1000_1.jpg,1110
1640,p_0041_1000_0.jpg,1110
1641,p_0043_1000_0.jpg,1110
1642,p_0044_1000_0.jpg,1110
1643,p_0044_1000_1.jpg,1110
1644,p_0046_1000_0.jpg,1110
1645,p_0048_1000_0.jpg,1110
1646,p_0049_1000_0.jpg,1110
1647,p_0049_1000_1.jpg,1110
1648,p_0051_1000_0.jpg,1110
1649,p_0053_1000_0.jpg,1110
1650,p_0054_1000_0.jpg,1110
1651,p_0054_1000_1.jpg,1110
1652,p_0056_1000_0.jpg,1110
1653,p_0058_1000_0.jpg,1110
1654,p_0059_1000_0.jpg,1110
1655,p_0059_1000_1.jpg,1110
1656,p_0061_1000_0.jpg,1110
1657,p_0063_1000_0.jpg,1110
1658,p_0064_1000_0.jpg,1110
1659,p_0064_1000_1.jpg,1110
1660,p_0065_1000_0.jpg,1110
1661,p_0066_1000_0.jpg,1110
1662,p_0068_1000_0.jpg,1110
1663,p_0069_1000_0.jpg,1110
1664,p_0069_1000_1.jpg,1110
1665,p_0071_1000_0.jpg,1110
1666,p_0074_1000_0.jpg,1110
1667,p_0074_1000_1.jpg,1110
1668,p_0076_1000_0.jpg,1110
1669,p_0079_1000_0.jpg,1110
1670,p_0079_1000_1.jpg,1110
1671,p_0081_1000_0.jpg,1110
1672,p_0084_1000_0.jpg,1110
1673,p_0084_1000_1.jpg,1110
1674,p_0086_1000_0.jpg,1110
1675,p_0088_1000_0.jpg,1110
1676,p_0089_1000_0.jpg,1110
1677,p_0089_1000_1.jpg,1110
1678,p_0091_1000_0.jpg,1110
1679,p_0093_1000_0.jpg,1110
1680,p_0094_1000_0.jpg,1110
1681,p_0094_1000_1.jpg,1110
1682,p_0096_1000_0.jpg,1110
1683,p_0099_1000_0.jpg,1110
1684,p_0099_1000_1.jpg,1110
1685,p_0101_1000_0.jpg,1110
1686,p_0102_1000_0.jpg,1110
1687,p_0102_1000_1.jpg,1110
1688,p_0104_1000_0.jpg,1110
1689,p_0106_1000_0.jpg,1110
1690,p_0001_1100_0.jpg,1210
1691,p_0001_1100_1.jpg,1210
1692,p_0002_1100_0.jpg,1210
1693,p_0003_1100_0.jpg,1210
1694,p_0003_1100_1.jpg,1210
1695,p_0004_1100_0.jpg,1210
1696,p_0005_1100_0.jpg,1210
1697,p_0005_1100_1.jpg,1210
1698,p_0006_1100_0.jpg,1210
1699,p_0006_1100_1.jpg,1210
1700,p_0007_1100_0.jpg,1210
1701,p_0008_1100_0.jpg,1210
1702,p_0008_1100_1.jpg,1210
1703,p_0009_1100_0.jpg,1210
1704,p_0010_1100_0.jpg,1210
1705,p_0010_1100_1.jpg,1210
1706,p_0011_1100_0.jpg,1210
1707,p_0011_1100_1.jpg,1210
1708,p_0012_1100_0.jpg,1210
1709,p_0013_1100_0.jpg,1210
1710,p_0013_1100_1.jpg,1210
1711,p_0014_1100_0.jpg,1210
1712,p_0015_1100_0.jpg,1210
1713,p_0015_1100_1.jpg,1210
1714,p_0016_1100_0.jpg,1210
1715,p_0016_1100_1.jpg,1210
1716,p_0017_1100_0.jpg,1210
1717,p_0018_1100_0.jpg,1210
1718,p_0018_1100_1.jpg,1210
1719,p_0019_1100_0.jpg,1210
1720,p_0020_1100_0.jpg,1210
1721,p_0020_1100_1.jpg,1210
1722,p_0021_1100_0.jpg,1210
1723,p_0021_1100_1.jpg,1210
1724,p_0022_1100_0.jpg,1210
1725,p_0023_1100_0.jpg,1210
1726,p_0023_1100_1.jpg,1210
1727,p_0024_1100_0.jpg,1210
1728,p_0025_1100_0.jpg,1210
1729,p_0025_1100_1.jpg,1210
1730,p_0026_1100_0.jpg,1210
1731,p_0026_1100_1.jpg,1210
1732,p_0027_1100_0.jpg,1210
1733,p_0028_1100_0.jpg,1210
1734,p_0028_1100_1.jpg,1210
1735,p_0029_1100_0.jpg,1210
1736,p_0030_1100_0.jpg,1210
1737,p_0030_1100_1.jpg,1210
1738,p_0031_1100_0.jpg,1210
1739,p_0031_1100_1.jpg,1210
1740,p_0032_1100_0.jpg,1210
1741,p_0033_1100_0.jpg,1210
1742,p_0033_1100_1.jpg,1210
1743,p_0034_1100_0.jpg,1210
1744,p_0035_1100_0.jpg,1210
1745,p_0035_1100_1.jpg,1210
1746,p_0036_1100_0.jpg,1210
1747,p_0036_1100_1.jpg,1210
1748,p_0037_1100_0.jpg,1210
1749,p_0038_1100_0.jpg,1210
1750,p_0038_1100_1.jpg,1210
1751,p_0039_1100_0.jpg,1210
1752,p_0040_1100_0.jpg,1210
1753,p_0040_1100_1.jpg,1210
1754,p_0041_1100_0.jpg,1210
1755,p_0041_1100_1.jpg,1210
1756,p_0042_1100_0.jpg,1210
1757,p_0043_1100_0.jpg,1210
1758,p_0043_1100_1.jpg,1210
1759,p_0044_1100_0.jpg,1210
1760,p_0045_1100_0.jpg,1210
1761,p_0045_1100_1.jpg,1210
1762,p_0046_1100_0.jpg,1210
1763,p_0046_1100_1.jpg,1210
1764,p_0047_1100_0.jpg,1210
1765,p_0048_1100_0.jpg,1210
1766,p_0048_1100_1.jpg,1210
1767,p_0049_1100_0.jpg,1210
1768,p_0050_1100_0.jpg,1210
1769,p_0050_1100_1.jpg,1210
1770,p_0051_1100_0.jpg,1210
1771,p_0051_1100_1.jpg,1210
1772,p_0052_1100_0.jpg,1210
1773,p_0053_1100_0.jpg,1210
1774,p_0053_1100_1.jpg,1210
1775,p_0054_1100_0.jpg,1210
1776,p_0055_1100_0.jpg,1210
1777,p_0055_1100_1.jpg,1210
1778,p_0056_1100_0.jpg,1210
1779,p_0056_1100_1.jpg,1210
1780,p_0057_1100_0.jpg,1210
1781,p_0058_1100_0.jpg,1210
1782,p_0058_1100_1.jpg,1210
1783,p_0059_1100_0.jpg,1210
1784,p_0060_1100_0.jpg,1210
1785,p_0060_1100_1.jpg,1210
1786,p_0061_1100_0.jpg,1210
1787,p_0061_1100_1.jpg,1210
1788,p_0062_1100_0.jpg,1210
1789,p_0063_1100_0.jpg,1210
1790,p_0063_1100_1.jpg,1210
1791,p_0064_1100_0.jpg,1210
1792,p_0065_1100_0.jpg,1210
1793,p_0065_1100_1.jpg,1210
1794,p_0066_1100_0.jpg,1210
1795,p_0066_1100_1.jpg,1210
1796,p_0067_1100_0.jpg,1210
1797,p_0068_1100_0.jpg,1210
1798,p_0068_1100_1.jpg,1210
1799,p_0069_1100_0.jpg,1210
1800,p_0070_1100_0.jpg,1210
1801,p_0070_1100_1.jpg,1210
1802,p_0071_1100_0.jpg,1210
1803,p_0071_1100_1.jpg,1210
1804,p_0072_1100_0.jpg,1210
1805,p_0073_1100_0.jpg,1210
1806,p_0073_1100_1.jpg,1210
1807,p_0074_1100_0.jpg,1210
1808,p_0075_1100_0.jpg,1210
1809,p_0075_1100_1.jpg,1210
1810,p_0076_1100_0.jpg,1210
1811,p_0076_1100_1.jpg,1210
1812,p_0077_1100_0.jpg,1210
1813,p_0078_1100_0.jpg,1210
1814,p_0078_1100_1.jpg,1210
1815,p_0079_1100_0.jpg,1210
1816,p_0080_1100_0.jpg,1210
1817,p_0080_1100_1.jpg,1210
1818,p_0081_1100_0.jpg,1210
1819,p_0081_1100_1.jpg,1210
1820,p_0082_1100_0.jpg,1210
1821,p_0083_1100_0.jpg,1210
1822,p_0083_1100_1.jpg,1210
1823,p_0084_1100_0.jpg,1210
1824,p_0085_1100_0.jpg,1210
1825,p_0085_1100_1.jpg,1210
1826,p_0086_1100_0.jpg,1210
1827,p_0086_1100_1.jpg,1210
1828,p_0087_1100_0.jpg,1210
1829,p_0088_1100_0.jpg,1210
1830,p_0088_1100_1.jpg,1210
1831,p_0089_1100_0.jpg,1210
1832,p_0090_1100_0.jpg,1210
1833,p_0090_1100_1.jpg,1210
1834,p_0091_1100_0.jpg,1210
1835,p_0091_1100_1.jpg,1210
1836,p_0092_1100_0.jpg,1210
1837,p_0093_1100_0.jpg,1210
1838,p_0093_1100_1.jpg,1210
1839,p_0094_1100_0.jpg,1210
1840,p_0095_1100_0.jpg,1210
1841,p_0095_1100_1.jpg,1210
1842,p_0096_1100_0.jpg,1210
1843,p_0096_1100_1.jpg,1210
1844,p_0097_1100_0.jpg,1210
1845,p_0098_1100_0.jpg,1210
1846,p_0098_1100_1.jpg,1210
1847,p_0099_1100_0.jpg,1210
1848,p_0100_1100_0.jpg,1210
1849,p_0101_1100_0.jpg,1210
1850,p_0101_1100_1.jpg,1210
1851,p_0102_1100_0.jpg,1210
1852,p_0103_1100_0.jpg,1210
1853,p_0103_1100_1.jpg,1210
1854,p_0104_1100_0.jpg,1210
1855,p_0105_1100_0.jpg,1210
1856,p_0001_1200_0.jpg,1310
1857,p_0001_1200_1.jpg,1310
1858,p_0002_1200_0.jpg,1310
1859,p_0003_1200_0.jpg,1310
1860,p_0003_1200_1.jpg,1310
1861,p_0004_1200_0.jpg,1310
1862,p_0005_1200_0.jpg,1310
1863,p_0005_1200_1.jpg,1310
1864,p_0006_1200_0.jpg,1310
1865,p_0006_1200_1.jpg,1310
1866,p_0007_1200_0.jpg,1310
1867,p_0008_1200_0.jpg,1310
1868,p_0008_1200_1.jpg,1310
1869,p_0009_1200_0.jpg,1310
1870,p_0010_1200_0.jpg,1310
1871,p_0010_1200_1.jpg,1310
1872,p_0011_1200_0.jpg,1310
1873,p_0011_1200_1.jpg,1310
1874,p_0012_1200_0.jpg,1310
1875,p_0013_1200_0.jpg,1310
1876,p_0013_1200_1.jpg,1310
1877,p_0014_1200_0.jpg,1310
1878,p_0015_1200_0.jpg,1310
1879,p_0015_1200_1.jpg,1310
1880,p_0016_1200_0.jpg,1310
1881,p_0016_1200_1.jpg,1310
1882,p_0017_1200_0.jpg,1310
1883,p_0018_1200_0.jpg,1310
1884,p_0018_1200_1.jpg,1310
1885,p_0019_1200_0.jpg,1310
1886,p_0020_1200_0.jpg,1310
1887,p_0020_1200_1.jpg,1310
1888,p_0021_1200_0.jpg,1310
1889,p_0021_1200_1.jpg,1310
1890,p_0022_1200_0.jpg,1310
1891,p_0023_1200_0.jpg,1310
1892,p_0023_1200_1.jpg,1310
1893,p_0024_1200_0.jpg,1310
1894,p_0025_1200_0.jpg,1310
1895,p_0025_1200_1.jpg,1310
1896,p_0026_1200_0.jpg,1310
1897,p_0026_1200_1.jpg,1310
1898,p_0027_1200_0.jpg,1310
1899,p_0028_1200_0.jpg,1310
1900,p_0028_1200_1.jpg,1310
1901,p_0029_1200_0.jpg,1310
1902,p_0030_1200_0.jpg,1310
1903,p_0030_1200_1.jpg,1310
1904,p_0031_1200_0.jpg,1310
1905,p_0031_1200_1.jpg,1310
1906,p_0032_1200_0.jpg,1310
1907,p_0033_1200_0.jpg,1310
1908,p_0033_1200_1.jpg,1310
1909,p_0034_1200_0.jpg,1310
1910,p_0035_1200_0.jpg,1310
1911,p_0035_1200_1.jpg,1310
1912,p_0036_1200_0.jpg,1310
1913,p_0036_1200_1.jpg,1310
1914,p_0037_1200_0.jpg,1310
1915,p_0038_1200_0.jpg,1310
1916,p_0038_1200_1.jpg,1310
1917,p_0039_1200_0.jpg,1310
1918,p_0040_1200_0.jpg,1310
1919,p_0040_1200_1.jpg,1310
1920,p_0041_1200_0.jpg,1310
1921,p_0041_1200_1.jpg,1310
1922,p_0042_1200_0.jpg,1310
1923,p_0043_1200_0.jpg,1310
1924,p_0043_1200_1.jpg,1310
1925,p_0044_1200_0.jpg,1310
1926,p_0045_1200_0.jpg,1310
1927,p_0045_1200_1.jpg,1310
1928,p_0046_1200_0.jpg,1310
1929,p_0046_1200_1.jpg,1310
1930,p_0047_1200_0.jpg,1310
1931,p_0048_1200_0.jpg,1310
1932,p_0048_1200_1.jpg,1310
1933,p_0049_1200_0.jpg,1310
1934,p_0050_1200_0.jpg,1310
1935,p_0050_1200_1.jpg,1310
1936,p_0051_1200_0.jpg,1310
1937,p_0051_1200_1.jpg,1310
1938,p_0052_1200_0.jpg,1310
1939,p_0053_1200_0.jpg,1310
1940,p_0053_1200_1.jpg,1310
1941,p_0054_1200_0.jpg,1310
1942,p_0055_1200_0.jpg,1310
1943,p_0055_1200_1.jpg,1310
1944,p_0056_1200_0.jpg,1310
1945,p_0057_1200_0.jpg,1310
1946,p_0058_1200_0.jpg,1310
1947,p_0058_1200_1.jpg,1310
1948,p_0059_1200_0.jpg,1310
1949,p_0060_1200_0.jpg,1310
1950,p_0060_1200_1.jpg,1310
1951,p_0061_1200_0.jpg,1310
1952,p_0062_1200_0.jpg,1310
1953,p_0063_1200_0.jpg,1310
1954,p_0063_1200_1.jpg,1310
1955,p_0064_1200_0.jpg,1310
1956,p_0065_1200_0.jpg,1310
1957,p_0065_1200_1.jpg,1310
1958,p_0066_1200_0.jpg,1310
1959,p_0067_1200_0.jpg,1310
1960,p_0068_1200_0.jpg,1310
1961,p_0068_1200_1.jpg,1310
1962,p_0069_1200_0.jpg,1310
1963,p_0070_1200_0.jpg,1310
1964,p_0070_1200_1.jpg,1310
1965,p_0071_1200_0.jpg,1310
1966,p_0072_1200_0.jpg,1310
1967,p_0073_1200_0.jpg,1310
1968,p_0073_1200_1.jpg,1310
1969,p_0074_1200_0.jpg,1310
1970,p_0075_1200_0.jpg,1310
1971,p_0075_1200_1.jpg,1310
1972,p_0076_1200_0.jpg,1310
1973,p_0076_1200_1.jpg,1310
1974,p_0077_1200_0.jpg,1310
1975,p_0078_1200_0.jpg,1310
1976,p_0078_1200_1.jpg,1310
1977,p_0079_1200_0.jpg,1310
1978,p_0080_1200_0.jpg,1310
1979,p_0080_1200_1.jpg,1310
1980,p_0081_1200_0.jpg,1310
1981,p_0082_1200_0.jpg,1310
1982,p_0083_1200_0.jpg,1310
1983,p_0083_1200_1.jpg,1310
1984,p_0084_1200_0.jpg,1310
1985,p_0085_1200_0.jpg,1310
1986,p_0085_1200_1.jpg,1310
1987,p_0086_1200_0.jpg,1310
1988,p_0087_1200_0.jpg,1310
1989,p_0088_1200_0.jpg,1310
1990,p_0088_1200_1.jpg,1310
1991,p_0089_1200_0.jpg,1310
1992,p_0090_1200_0.jpg,1310
1993,p_0090_1200_1.jpg,1310
1994,p_0091_1200_0.jpg,1310
1995,p_0092_1200_0.jpg,1310
1996,p_0093_1200_0.jpg,1310
1997,p_0093_1200_1.jpg,1310
1998,p_0094_1200_0.jpg,1310
1999,p_0095_1200_0.jpg,1310
2000,p_0095_1200_1.jpg,1310
2001,p_0096_1200_0.jpg,1310
2002,p_0097_1200_0.jpg,1310
2003,p_0098_1200_0.jpg,1310
2004,p_0098_1200_1.jpg,1310
2005,p_0099_1200_0.jpg,1310
2006,p_0100_1200_0.jpg,1310
2007,p_0100_1200_1.jpg,1310
2008,p_0101_1200_0.jpg,1310
2009,p_0102_1200_0.jpg,1310
2010,p_0103_1200_0.jpg,1310
2011,p_0103_1200_1.jpg,1310
2012,p_0104_1200_0.jpg,1310
2013,p_0105_1200_0.jpg,1310
2014,p_0105_1200_1.jpg,1310
2015,p_0001_1300_0.jpg,1410
2016,p_0002_1300_0.jpg,1410
2017,p_0002_1300_1.jpg,1410
2018,p_0003_1300_0.jpg,1410
2019,p_0004_1300_0.jpg,1410
2020,p_0004_1300_1.jpg,1410
2021,p_0005_1300_0.jpg,1410
2022,p_0005_1300_1.jpg,1410
2023,p_0006_1300_0.jpg,1410
2024,p_0007_1300_0.jpg,1410
2025,p_0007_1300_1.jpg,1410
2026,p_0008_1300_0.jpg,1410
2027,p_0009_1300_0.jpg,1410
2028,p_0009_1300_1.jpg,1410
2029,p_0010_1300_0.jpg,1410
2030,p_0010_1300_1.jpg,1410
2031,p_0011_1300_0.jpg,1410
2032,p_0012_1300_0.jpg,1410
2033,p_0012_1300_1.jpg,1410
2034,p_0013_1300_0.jpg,1410
2035,p_0014_1300_0.jpg,1410
2036,p_0014_1300_1.jpg,1410
2037,p_0015_1300_0.jpg,1410
2038,p_0015_1300_1.jpg,1410
2039,p_0016_1300_0.jpg,1410
2040,p_0017_1300_0.jpg,1410
2041,p_0017_1300_1.jpg,1410
2042,p_0018_1300_0.jpg,1410
2043,p_0019_1300_0.jpg,1410
2044,p_0019_1300_1.jpg,1410
2045,p_0020_1300_0.jpg,1410
2046,p_0020_1300_1.jpg,1410
2047,p_0021_1300_0.jpg,1410
2048,p_0022_1300_0.jpg,1410
2049,p_0022_1300_1.jpg,1410
2050,p_0023_1300_0.jpg,1410
2051,p_0024_1300_0.jpg,1410
2052,p_0024_1300_1.jpg,1410
2053,p_0025_1300_0.jpg,1410
2054,p_0025_1300_1.jpg,1410
2055,p_0026_1300_0.jpg,1410
2056,p_0027_1300_0.jpg,1410
2057,p_0027_1300_1.jpg,1410
2058,p_0028_1300_0.jpg,1410
2059,p_0029_1300_0.jpg,1410
2060,p_0029_1300_1.jpg,1410
2061,p_0030_1300_0.jpg,1410
2062,p_0030_1300_1.jpg,1410
2063,p_0031_1300_0.jpg,1410
2064,p_0032_1300_0.jpg,1410
2065,p_0032_1300_1.jpg,1410
2066,p_0033_1300_0.jpg,1410
2067,p_0034_1300_0.jpg,1410
2068,p_0034_1300_1.jpg,1410
2069,p_0035_1300_0.jpg,1410
2070,p_0035_1300_1.jpg,1410
2071,p_0036_1300_0.jpg,1410
2072,p_0037_1300_0.jpg,1410
2073,p_0037_1300_1.jpg,1410
2074,p_0038_1300_0.jpg,1410
2075,p_0039_1300_0.jpg,1410
2076,p_0039_1300_1.jpg,1410
2077,p_0040_1300_0.jpg,1410
2078,p_0040_1300_1.jpg,1410
2079,p_0041_1300_0.jpg,1410
2080,p_0042_1300_0.jpg,1410
2081,p_0042_1300_1.jpg,1410
2082,p_0043_1300_0.jpg,1410
2083,p_0044_1300_0.jpg,1410
2084,p_0044_1300_1.jpg,1410
2085,p_0045_1300_0.jpg,1410
2086,p_0045_1300_1.jpg,1410
2087,p_0046_1300_0.jpg,1410
2088,p_0047_1300_0.jpg,1410
2089,p_0047_1300_1.jpg,1410
2090,p_0048_1300_0.jpg,1410
2091,p_0049_1300_0.jpg,1410
2092,p_0049_1300_1.jpg,1410
2093,p_0050_1300_0.jpg,1410
2094,p_0050_1300_1.jpg,1410
2095,p_0051_1300_0.jpg,1410
2096,p_0052_1300_0.jpg,1410
2097,p_0052_1300_1.jpg,1410
2098,p_0053_1300_0.jpg,1410
2099,p_0054_1300_0.jpg,1410
2100,p_0054_1300_1.jpg,1410
2101,p_0055_1300_0.jpg,1410
2102,p_0055_1300_1.jpg,1410
2103,p_0056_1300_0.jpg,1410
2104,p_0057_1300_0.jpg,1410
2105,p_0057_1300_1.jpg,1410
2106,p_0058_1300_0.jpg,1410
2107,p_0059_1300_0.jpg,1410
2108,p_0059_1300_1.jpg,1410
2109,p_0060_1300_0.jpg,1410
2110,p_0060_1300_1.jpg,1410
2111,p_0061_1300_0.jpg,1410
2112,p_0062_1300_0.jpg,1410
2113,p_0062_1300_1.jpg,1410
2114,p_0063_1300_0.jpg,1410
2115,p_0064_1300_0.jpg,1410
2116,p_0064_1300_1.jpg,1410
2117,p_0065_1300_0.jpg,1410
2118,p_0065_1300_1.jpg,1410
2119,p_0066_1300_0.jpg,1410
2120,p_0067_1300_0.jpg,1410
2121,p_0067_1300_1.jpg,1410
2122,p_0068_1300_0.jpg,1410
2123,p_0069_1300_0.jpg,1410
2124,p_0069_1300_1.jpg,1410
2125,p_0070_1300_0.jpg,1410
2126,p_0070_1300_1.jpg,1410
2127,p_0071_1300_0.jpg,1410
2128,p_0072_1300_0.jpg,1410
2129,p_0072_1300_1.jpg,1410
2130,p_0073_1300_0.jpg,1410
2131,p_0074_1300_0.jpg,1410
2132,p_0074_1300_1.jpg,1410
2133,p_0075_1300_0.jpg,1410
2134,p_0075_1300_1.jpg,1410
2135,p_0076_1300_0.jpg,1410
2136,p_0077_1300_0.jpg,1410
2137,p_0077_1300_1.jpg,1410
2138,p_0078_1300_0.jpg,1410
2139,p_0079_1300_0.jpg,1410
2140,p_0079_1300_1.jpg,1410
2141,p_0080_1300_0.jpg,1410
2142,p_0080_1300_1.jpg,1410
2143,p_0081_1300_0.jpg,1410
2144,p_0082_1300_0.jpg,1410
2145,p_0082_1300_1.jpg,1410
2146,p_0083_1300_0.jpg,1410
2147,p_0084_1300_0.jpg,1410
2148,p_0084_1300_1.jpg,1410
2149,p_0085_1300_0.jpg,1410
2150,p_0085_1300_1.jpg,1410
2151,p_0086_1300_0.jpg,1410
2152,p_0087_1300_0.jpg,1410
2153,p_0087_1300_1.jpg,1410
2154,p_0088_1300_0.jpg,1410
2155,p_0089_1300_0.jpg,1410
2156,p_0089_1300_1.jpg,1410
2157,p_0090_1300_0.jpg,1410
2158,p_0090_1300_1.jpg,1410
2159,p_0091_1300_0.jpg,1410
2160,p_0092_1300_0.jpg,1410
2161,p_0092_1300_1.jpg,1410
2162,p_0093_1300_0.jpg,1410
2163,p_0094_1300_0.jpg,1410
2164,p_0094_1300_1.jpg,1410
2165,p_0095_1300_0.jpg,1410
2166,p_0095_1300_1.jpg,1410
2167,p_0096_1300_0.jpg,1410
2168,p_0097_1300_0.jpg,1410
2169,p_0097_1300_1.jpg,1410
2170,p_0098_1300_0.jpg,1410
2171,p_0099_1300_0.jpg,1410
2172,p_0099_1300_1.jpg,1410
2173,p_0100_1300_0.jpg,1410
2174,p_0100_1300_1.jpg,1410
2175,p_0101_1300_0.jpg,1410
2176,p_0102_1300_0.jpg,1410
2177,p_0102_1300_1.jpg,1410
2178,p_0103_1300_0.jpg,1410
2179,p_0104_1300_0.jpg,1410
2180,p_0104_1300_1.jpg,1410
2181,p_0105_1300_0.jpg,1410
2182,p_0105_1300_1.jpg,1410
2183,p_0001_1400_0.jpg,1510
2184,p_0001_1400_1.jpg,1510
2185,p_0002_1400_0.jpg,1510
2186,p_0003_1400_0.jpg,1510
2187,p_0003_1400_1.jpg,1510
2188,p_0004_1400_0.jpg,1510
2189,p_0004_1400_1.jpg,1510
2190,p_0005_1400_0.jpg,1510
2191,p_0006_1400_0.jpg,1510
2192,p_0006_1400_1.jpg,1510
2193,p_0007_1400_0.jpg,1510
2194,p_0008_1400_0.jpg,1510
2195,p_0008_1400_1.jpg,1510
2196,p_0009_1400_0.jpg,1510
2197,p_0009_1400_1.jpg,1510
2198,p_0010_1400_0.jpg,1510
2199,p_0011_1400_0.jpg,1510
2200,p_0011_1400_1.jpg,1510
2201,p_0012_1400_0.jpg,1510
2202,p_0013_1400_0.jpg,1510
2203,p_0014_1400_0.jpg,1510
2204,p_0014_1400_1.jpg,1510
2205,p_0015_1400_0.jpg,1510
2206,p_0016_1400_0.jpg,1510
2207,p_0016_1400_1.jpg,1510
2208,p_0017_1400_0.jpg,1510
2209,p_0018_1400_0.jpg,1510
2210,p_0018_1400_1.jpg,1510
2211,p_0019_1400_0.jpg,1510
2212,p_0019_1400_1.jpg,1510
2213,p_0020_1400_0.jpg,1510
2214,p_0021_1400_0.jpg,1510
2215,p_0021_1400_1.jpg,1510
2216,p_0022_1400_0.jpg,1510
2217,p_0023_1400_0.jpg,1510
2218,p_0024_1400_0.jpg,1510
2219,p_0024_1400_1.jpg,1510
2220,p_0025_1400_0.jpg,1510
2221,p_0026_1400_0.jpg,1510
2222,p_0026_1400_1.jpg,1510
2223,p_0027_1400_0.jpg,1510
2224,p_0028_1400_0.jpg,1510
2225,p_0028_1400_1.jpg,1510
2226,p_0029_1400_0.jpg,1510
2227,p_0029_1400_1.jpg,1510
2228,p_0030_1400_0.jpg,1510
2229,p_0031_1400_0.jpg,1510
2230,p_0031_1400_1.jpg,1510
2231,p_0032_1400_0.jpg,1510
2232,p_0033_1400_0.jpg,1510
2233,p_0033_1400_1.jpg,1510
2234,p_0034_1400_0.jpg,1510
2235,p_0034_1400_1.jpg,1510
2236,p_0035_1400_0.jpg,1510
2237,p_0036_1400_0.jpg,1510
2238,p_0036_1400_1.jpg,1510
2239,p_0037_1400_0.jpg,1510
2240,p_0038_1400_0.jpg,1510
2241,p_0038_1400_1.jpg,1510
2242,p_0039_1400_0.jpg,1510
2243,p_0039_1400_1.jpg,1510
2244,p_0040_1400_0.jpg,1510
2245,p_0041_1400_0.jpg,1510
2246,p_0041_1400_1.jpg,1510
2247,p_0042_1400_0.jpg,1510
2248,p_0043_1400_0.jpg,1510
2249,p_0043_1400_1.jpg,1510
2250,p_0044_1400_0.jpg,1510
2251,p_0044_1400_1.jpg,1510
2252,p_0045_1400_0.jpg,1510
2253,p_0046_1400_0.jpg,1510
2254,p_0046_1400_1.jpg,1510
2255,p_0047_1400_0.jpg,1510
2256,p_0048_1400_0.jpg,1510
2257,p_0049_1400_0.jpg,1510
2258,p_0049_1400_1.jpg,1510
2259,p_0050_1400_0.jpg,1510
2260,p_0051_1400_0.jpg,1510
2261,p_0051_1400_1.jpg,1510
2262,p_0052_1400_0.jpg,1510
2263,p_0053_1400_0.jpg,1510
2264,p_0053_1400_1.jpg,1510
2265,p_0054_1400_0.jpg,1510
2266,p_0054_1400_1.jpg,1510
2267,p_0055_1400_0.jpg,1510
2268,p_0056_1400_0.jpg,1510
2269,p_0056_1400_1.jpg,1510
2270,p_0057_1400_0.jpg,1510
2271,p_0058_1400_0.jpg,1510
2272,p_0058_1400_1.jpg,1510
2273,p_0059_1400_0.jpg,1510
2274,p_0059_1400_1.jpg,1510
2275,p_0060_1400_0.jpg,1510
2276,p_0061_1400_0.jpg,1510
2277,p_0061_1400_1.jpg,1510
2278,p_0062_1400_0.jpg,1510
2279,p_0063_1400_0.jpg,1510
2280,p_0063_1400_1.jpg,1510
2281,p_0064_1400_0.jpg,1510
2282,p_0064_1400_1.jpg,1510
2283,p_0065_1400_0.jpg,1510
2284,p_0066_1400_0.jpg,1510
2285,p_0066_1400_1.jpg,1510
2286,p_0067_1400_0.jpg,1510
2287,p_0068_1400_0.jpg,1510
2288,p_0068_1400_1.jpg,1510
2289,p_0069_1400_0.jpg,1510
2290,p_0069_1400_1.jpg,1510
2291,p_0070_1400_0.jpg,1510
2292,p_0071_1400_0.jpg,1510
2293,p_0071_1400_1.jpg,1510
2294,p_0072_1400_0.jpg,1510
2295,p_0073_1400_0.jpg,1510
2296,p_0073_1400_1.jpg,1510
2297,p_0074_1400_0.jpg,1510
2298,p_0074_1400_1.jpg,1510
2299,p_0075_1400_0.jpg,1510
2300,p_0076_1400_0.jpg,1510
2301,p_0076_1400_1.jpg,1510
2302,p_0077_1400_0.jpg,1510
2303,p_0078_1400_0.jpg,1510
2304,p_0078_1400_1.jpg,1510
2305,p_0079_1400_0.jpg,1510
2306,p_0079_1400_1.jpg,1510
2307,p_0080_1400_0.jpg,1510
2308,p_0081_1400_0.jpg,1510
2309,p_0081_1400_1.jpg,1510
2310,p_0082_1400_0.jpg,1510
2311,p_0083_1400_0.jpg,1510
2312,p_0084_1400_0.jpg,1510
2313,p_0084_1400_1.jpg,1510
2314,p_0085_1400_0.jpg,1510
2315,p_0086_1400_0.jpg,1510
2316,p_0086_1400_1.jpg,1510
2317,p_0087_1400_0.jpg,1510
2318,p_0088_1400_0.jpg,1510
2319,p_0088_1400_1.jpg,1510
2320,p_0089_1400_0.jpg,1510
2321,p_0089_1400_1.jpg,1510
2322,p_0090_1400_0.jpg,1510
2323,p_0091_1400_0.jpg,1510
2324,p_0091_1400_1.jpg,1510
2325,p_0092_1400_0.jpg,1510
2326,p_0093_1400_0.jpg,1510
2327,p_0094_1400_0.jpg,1510
2328,p_0094_1400_1.jpg,1510
2329,p_0095_1400_0.jpg,1510
2330,p_0096_1400_0.jpg,1510
2331,p_0096_1400_1.jpg,1510
2332,p_0097_1400_0.jpg,1510
2333,p_0098_1400_0.jpg,1510
2334,p_0099_1400_0.jpg,1510
2335,p_0099_1400_1.jpg,1510
2336,p_0100_1400_0.jpg,1510
2337,p_0101_1400_0.jpg,1510
2338,p_0101_1400_1.jpg,1510
2339,p_0102_1400_0.jpg,1510
2340,p_0103_1400_0.jpg,1510
2341,p_0104_1400_0.jpg,1510
2342,p_0104_1400_1.jpg,1510
2343,p_0105_1400_0.jpg,1510
2344,p_0106_1400_0.jpg,1510
2345,p_0106_1400_1.jpg,1510
2346,p_0004_150_0.jpg,260
2347,p_0004_150_1.jpg,260
2348,p_0006_150_0.jpg,260
2349,p_0006_150_1.jpg,260
2350,p_0009_150_0.jpg,260
2351,p_0009_150_1.jpg,260
2352,p_0011_150_0.jpg,260
2353,p_0011_150_1.jpg,260
2354,p_0014_150_0.jpg,260
2355,p_0014_150_1.jpg,260
2356,p_0016_150_0.jpg,260
2357,p_0016_150_1.jpg,260
2358,p_0019_150_0.jpg,260
2359,p_0019_150_1.jpg,260
2360,p_0021_150_0.jpg,260
2361,p_0021_150_1.jpg,260
2362,p_0023_150_0.jpg,260
2363,p_0025_150_0.jpg,260
2364,p_0026_150_0.jpg,260
2365,p_0026_150_1.jpg,260
2366,p_0028_150_0.jpg,260
2367,p_0031_150_0.jpg,260
2368,p_0031_150_1.jpg,260
2369,p_0035_150_0.jpg,260
2370,p_0036_150_0.jpg,260
2371,p_0036_150_1.jpg,260
2372,p_0040_150_0.jpg,260
2373,p_0041_150_0.jpg,260
2374,p_0041_150_1.jpg,260
2375,p_0043_150_0.jpg,260
2376,p_0045_150_0.jpg,260
2377,p_0046_150_0.jpg,260
2378,p_0046_150_1.jpg,260
2379,p_0048_150_0.jpg,260
2380,p_0050_150_0.jpg,260
2381,p_0051_150_0.jpg,260
2382,p_0051_150_1.jpg,260
2383,p_0053_150_0.jpg,260
2384,p_0055_150_0.jpg,260
2385,p_0056_150_0.jpg,260
2386,p_0056_150_1.jpg,260
2387,p_0058_150_0.jpg,260
2388,p_0060_150_0.jpg,260
2389,p_0061_150_0.jpg,260
2390,p_0061_150_1.jpg,260
2391,p_0063_150_0.jpg,260
2392,p_0065_150_0.jpg,260
2393,p_0066_150_0.jpg,260
2394,p_0066_150_1.jpg,260
2395,p_0068_150_0.jpg,260
2396,p_0069_150_0.jpg,260
2397,p_0069_150_1.jpg,260
2398,p_0070_150_0.jpg,260
2399,p_0071_150_0.jpg,260
2400,p_0071_150_1.jpg,260
2401,p_0074_150_0.jpg,260
2402,p_0074_150_1.jpg,260
2403,p_0076_150_0.jpg,260
2404,p_0076_150_1.jpg,260
2405,p_0079_150_0.jpg,260
2406,p_0079_150_1.jpg,260
2407,p_0081_150_0.jpg,260
2408,p_0083_150_0.jpg,260
2409,p_0084_150_0.jpg,260
2410,p_0084_150_1.jpg,260
2411,p_0086_150_0.jpg,260
2412,p_0086_150_1.jpg,260
2413,p_0091_150_0.jpg,260
2414,p_0091_150_1.jpg,260
2415,p_0095_150_0.jpg,260
2416,p_0096_150_0.jpg,260
2417,p_0096_150_1.jpg,260
2418,p_0100_150_0.jpg,260
2419,p_0101_150_0.jpg,260
2420,p_0101_150_1.jpg,260
2421,p_0103_150_0.jpg,260
2422,p_0001_200_0.jpg,310
2423,p_0001_200_1.jpg,310
2424,p_0003_200_0.jpg,310
2425,p_0003_200_1.jpg,310
2426,p_0008_200_0.jpg,310
2427,p_0008_200_1.jpg,310
2428,p_0010_200_0.jpg,310
2429,p_0011_200_0.jpg,310
2430,p_0011_200_1.jpg,310
2431,p_0013_200_0.jpg,310
2432,p_0013_200_1.jpg,310
2433,p_0016_200_0.jpg,310
2434,p_0016_200_1.jpg,310
2435,p_0018_200_0.jpg,310
2436,p_0018_200_1.jpg,310
2437,p_0021_200_0.jpg,310
2438,p_0021_200_1.jpg,310
2439,p_0023_200_0.jpg,310
2440,p_0023_200_1.jpg,310
2441,p_0026_200_0.jpg,310
2442,p_0026_200_1.jpg,310
2443,p_0028_200_0.jpg,310
2444,p_0028_200_1.jpg,310
2445,p_0031_200_0.jpg,310
2446,p_0031_200_1.jpg,310
2447,p_0033_200_0.jpg,310
2448,p_0033_200_1.jpg,310
2449,p_0035_200_0.jpg,310
2450,p_0036_200_0.jpg,310
2451,p_0036_200_1.jpg,310
2452,p_0038_200_0.jpg,310
2453,p_0040_200_0.jpg,310
2454,p_0041_200_0.jpg,310
2455,p_0041_200_1.jpg,310
2456,p_0043_200_0.jpg,310
2457,p_0045_200_0.jpg,310
2458,p_0046_200_0.jpg,310
2459,p_0046_200_1.jpg,310
2460,p_0048_200_0.jpg,310
2461,p_0051_200_0.jpg,310
2462,p_0051_200_1.jpg,310
2463,p_0053_200_0.jpg,310
2464,p_0056_200_0.jpg,310
2465,p_0056_200_1.jpg,310
2466,p_0058_200_0.jpg,310
2467,p_0058_200_1.jpg,310
2468,p_0060_200_0.jpg,310
2469,p_0061_200_0.jpg,310
2470,p_0061_200_1.jpg,310
2471,p_0062_200_0.jpg,310
2472,p_0063_200_0.jpg,310
2473,p_0063_200_1.jpg,310
2474,p_0066_200_0.jpg,310
2475,p_0066_200_1.jpg,310
2476,p_0068_200_0.jpg,310
2477,p_0068_200_1.jpg,310
2478,p_0072_200_0.jpg,310
2479,p_0073_200_0.jpg,310
2480,p_0073_200_1.jpg,310
2481,p_0076_200_0.jpg,310
2482,p_0076_200_1.jpg,310
2483,p_0077_200_0.jpg,310
2484,p_0078_200_0.jpg,310
2485,p_0078_200_1.jpg,310
2486,p_0081_200_0.jpg,310
2487,p_0081_200_1.jpg,310
2488,p_0082_200_0.jpg,310
2489,p_0083_200_0.jpg,310
2490,p_0083_200_1.jpg,310
2491,p_0086_200_0.jpg,310
2492,p_0086_200_1.jpg,310
2493,p_0087_200_0.jpg,310
2494,p_0087_200_1.jpg,310
2495,p_0088_200_0.jpg,310
2496,p_0088_200_1.jpg,310
2497,p_0091_200_0.jpg,310
2498,p_0091_200_1.jpg,310
2499,p_0093_200_0.jpg,310
2500,p_0093_200_1.jpg,310
2501,p_0095_200_0.jpg,310
2502,p_0097_200_0.jpg,310
2503,p_0098_200_0.jpg,310
2504,p_0098_200_1.jpg,310
2505,p_0101_200_0.jpg,310
2506,p_0101_200_1.jpg,310
2507,p_0103_200_0.jpg,310
2508,p_0103_200_1.jpg,310
2509,p_0001_250_0.jpg,360
2510,p_0001_250_1.jpg,360
2511,p_0006_250_0.jpg,360
2512,p_0006_250_1.jpg,360
2513,p_0008_250_0.jpg,360
2514,p_0009_250_0.jpg,360
2515,p_0009_250_1.jpg,360
2516,p_0011_250_0.jpg,360
2517,p_0013_250_0.jpg,360
2518,p_0014_250_0.jpg,360
2519,p_0014_250_1.jpg,360
2520,p_0016_250_0.jpg,360
2521,p_0019_250_0.jpg,360
2522,p_0019_250_1.jpg,360
2523,p_0021_250_0.jpg,360
2524,p_0023_250_0.jpg,360
2525,p_0024_250_0.jpg,360
2526,p_0024_250_1.jpg,360
2527,p_0026_250_0.jpg,360
2528,p_0029_250_0.jpg,360
2529,p_0029_250_1.jpg,360
2530,p_0031_250_0.jpg,360
2531,p_0031_250_1.jpg,360
2532,p_0034_250_0.jpg,360
2533,p_0034_250_1.jpg,360
2534,p_0036_250_0.jpg,360
2535,p_0038_250_0.jpg,360
2536,p_0039_250_0.jpg,360
2537,p_0039_250_1.jpg,360
2538,p_0041_250_0.jpg,360
2539,p_0041_250_1.jpg,360
2540,p_0043_250_0.jpg,360
2541,p_0044_250_0.jpg,360
2542,p_0044_250_1.jpg,360
2543,p_0047_250_0.jpg,360
2544,p_0047_250_1.jpg,360
2545,p_0049_250_0.jpg,360
2546,p_0049_250_1.jpg,360
2547,p_0051_250_0.jpg,360
2548,p_0054_250_0.jpg,360
2549,p_0054_250_1.jpg,360
2550,p_0056_250_0.jpg,360
2551,p_0056_250_1.jpg,360
2552,p_0059_250_0.jpg,360
2553,p_0059_250_1.jpg,360
2554,p_0061_250_0.jpg,360
2555,p_0061_250_1.jpg,360
2556,p_0064_250_0.jpg,360
2557,p_0064_250_1.jpg,360
2558,p_0066_250_0.jpg,360
2559,p_0066_250_1.jpg,360
2560,p_0069_250_0.jpg,360
2561,p_0069_250_1.jpg,360
2562,p_0071_250_0.jpg,360
2563,p_0071_250_1.jpg,360
2564,p_0074_250_0.jpg,360
2565,p_0074_250_1.jpg,360
2566,p_0076_250_0.jpg,360
2567,p_0076_250_1.jpg,360
2568,p_0080_250_0.jpg,360
2569,p_0081_250_0.jpg,360
2570,p_0081_250_1.jpg,360
2571,p_0086_250_0.jpg,360
2572,p_0086_250_1.jpg,360
2573,p_0089_250_0.jpg,360
2574,p_0089_250_1.jpg,360
2575,p_0090_250_0.jpg,360
2576,p_0091_250_0.jpg,360
2577,p_0091_250_1.jpg,360
2578,p_0094_250_0.jpg,360
2579,p_0094_250_1.jpg,360
2580,p_0096_250_0.jpg,360
2581,p_0096_250_1.jpg,360
2582,p_0099_250_0.jpg,360
2583,p_0099_250_1.jpg,360
2584,p_0101_250_0.jpg,360
2585,p_0101_250_1.jpg,360
2586,p_0104_250_0.jpg,360
2587,p_0104_250_1.jpg,360
2588,p_0002_300_0.jpg,410
2589,p_0005_300_0.jpg,410
2590,p_0007_300_0.jpg,410
2591,p_0008_300_0.jpg,410
2592,p_0008_300_1.jpg,410
2593,p_0010_300_0.jpg,410
2594,p_0012_300_0.jpg,410
2595,p_0013_300_0.jpg,410
2596,p_0013_300_1.jpg,410
2597,p_0015_300_0.jpg,410
2598,p_0017_300_0.jpg,410
2599,p_0018_300_0.jpg,410
2600,p_0018_300_1.jpg,410
2601,p_0020_300_0.jpg,410
2602,p_0022_300_0.jpg,410
2603,p_0023_300_0.jpg,410
2604,p_0023_300_1.jpg,410
2605,p_0025_300_0.jpg,410
2606,p_0028_300_0.jpg,410
2607,p_0028_300_1.jpg,410
2608,p_0031_300_0.jpg,410
2609,p_0031_300_1.jpg,410
2610,p_0033_300_0.jpg,410
2611,p_0033_300_1.jpg,410
2612,p_0035_300_0.jpg,410
2613,p_0036_300_0.jpg,410
2614,p_0036_300_1.jpg,410
2615,p_0038_300_0.jpg,410
2616,p_0038_300_1.jpg,410
2617,p_0040_300_0.jpg,410
2618,p_0043_300_0.jpg,410
2619,p_0043_300_1.jpg,410
2620,p_0045_300_0.jpg,410
2621,p_0046_300_0.jpg,410
2622,p_0046_300_1.jpg,410
2623,p_0048_300_0.jpg,410
2624,p_0048_300_1.jpg,410
2625,p_0050_300_0.jpg,410
2626,p_0051_300_0.jpg,410
2627,p_0051_300_1.jpg,410
2628,p_0053_300_0.jpg,410
2629,p_0053_300_1.jpg,410
2630,p_0056_300_0.jpg,410
2631,p_0056_300_1.jpg,410
2632,p_0058_300_0.jpg,410
2633,p_0058_300_1.jpg,410
2634,p_0060_300_0.jpg,410
2635,p_0062_300_0.jpg,410
2636,p_0063_300_0.jpg,410
2637,p_0063_300_1.jpg,410
2638,p_0065_300_0.jpg,410
2639,p_0067_300_0.jpg,410
2640,p_0068_300_0.jpg,410
2641,p_0068_300_1.jpg,410
2642,p_0070_300_0.jpg,410
2643,p_0072_300_0.jpg,410
2644,p_0073_300_0.jpg,410
2645,p_0073_300_1.jpg,410
2646,p_0075_300_0.jpg,410
2647,p_0075_300_1.jpg,410
2648,p_0077_300_0.jpg,410
2649,p_0078_300_0.jpg,410
2650,p_0078_300_1.jpg,410
2651,p_0080_300_0.jpg,410
2652,p_0080_300_1.jpg,410
2653,p_0083_300_0.jpg,410
2654,p_0083_300_1.jpg,410
2655,p_0085_300_0.jpg,410
2656,p_0085_300_1.jpg,410
2657,p_0087_300_0.jpg,410
2658,p_0088_300_0.jpg,410
2659,p_0088_300_1.jpg,410
2660,p_0090_300_0.jpg,410
2661,p_0092_300_0.jpg,410
2662,p_0095_300_0.jpg,410
2663,p_0095_300_1.jpg,410
2664,p_0097_300_0.jpg,410
2665,p_0099_300_0.jpg,410
2666,p_0100_300_0.jpg,410
2667,p_0100_300_1.jpg,410
2668,p_0102_300_0.jpg,410
2669,p_0105_300_0.jpg,410
2670,p_0105_300_1.jpg,410
2671,p_0003_350_0.jpg,460
2672,p_0003_350_1.jpg,460
2673,p_0006_350_0.jpg,460
2674,p_0006_350_1.jpg,460
2675,p_0008_350_0.jpg,460
2676,p_0008_350_1.jpg,460
2677,p_0010_350_0.jpg,460
2678,p_0011_350_0.jpg,460
2679,p_0011_350_1.jpg,460
2680,p_0013_350_0.jpg,460
2681,p_0013_350_1.jpg,460
2682,p_0016_350_0.jpg,460
2683,p_0016_350_1.jpg,460
2684,p_0018_350_0.jpg,460
2685,p_0018_350_1.jpg,460
2686,p_0020_350_0.jpg,460
2687,p_0023_350_0.jpg,460
2688,p_0023_350_1.jpg,460
2689,p_0025_350_0.jpg,460
2690,p_0028_350_0.jpg,460
2691,p_0028_350_1.jpg,460
2692,p_0033_350_0.jpg,460
2693,p_0033_350_1.jpg,460
2694,p_0035_350_0.jpg,460
2695,p_0038_350_0.jpg,460
2696,p_0038_350_1.jpg,460
2697,p_0040_350_0.jpg,460
2698,p_0043_350_0.jpg,460
2699,p_0043_350_1.jpg,460
2700,p_0045_350_0.jpg,460
2701,p_0047_350_0.jpg,460
2702,p_0048_350_0.jpg,460
2703,p_0048_350_1.jpg,460
2704,p_0050_350_0.jpg,460
2705,p_0052_350_0.jpg,460
2706,p_0053_350_0.jpg,460
2707,p_0053_350_1.jpg,460
2708,p_0056_350_0.jpg,460
2709,p_0056_350_1.jpg,460
2710,p_0058_350_0.jpg,460
2711,p_0058_350_1.jpg,460
2712,p_0060_350_0.jpg,460
2713,p_0062_350_0.jpg,460
2714,p_0063_350_0.jpg,460
2715,p_0063_350_1.jpg,460
2716,p_0065_350_0.jpg,460
2717,p_0067_350_0.jpg,460
2718,p_0068_350_0.jpg,460
2719,p_0068_350_1.jpg,460
2720,p_0072_350_0.jpg,460
2721,p_0073_350_0.jpg,460
2722,p_0073_350_1.jpg,460
2723,p_0075_350_0.jpg,460
2724,p_0078_350_0.jpg,460
2725,p_0078_350_1.jpg,460
2726,p_0083_350_0.jpg,460
2727,p_0083_350_1.jpg,460
2728,p_0085_350_0.jpg,460
2729,p_0088_350_0.jpg,460
2730,p_0088_350_1.jpg,460
2731,p_0090_350_0.jpg,460
2732,p_0090_350_1.jpg,460
2733,p_0092_350_0.jpg,460
2734,p_0095_350_0.jpg,460
2735,p_0097_350_0.jpg,460
2736,p_0100_350_0.jpg,460
2737,p_0100_350_1.jpg,460
2738,p_0102_350_0.jpg,460
2739,p_0001_400_0.jpg,510
2740,p_0002_400_0.jpg,510
2741,p_0002_400_1.jpg,510
2742,p_0004_400_0.jpg,510
2743,p_0007_400_0.jpg,510
2744,p_0007_400_1.jpg,510
2745,p_0009_400_0.jpg,510
2746,p_0011_400_0.jpg,510
2747,p_0012_400_0.jpg,510
2748,p_0012_400_1.jpg,510
2749,p_0014_400_0.jpg,510
2750,p_0016_400_0.jpg,510
2751,p_0019_400_0.jpg,510
2752,p_0019_400_1.jpg,510
2753,p_0021_400_0.jpg,510
2754,p_0022_400_0.jpg,510
2755,p_0022_400_1.jpg,510
2756,p_0024_400_0.jpg,510
2757,p_0024_400_1.jpg,510
2758,p_0029_400_0.jpg,510
2759,p_0029_400_1.jpg,510
2760,p_0034_400_0.jpg,510
2761,p_0034_400_1.jpg,510
2762,p_0036_400_0.jpg,510
2763,p_0041_400_0.jpg,510
2764,p_0042_400_0.jpg,510
2765,p_0042_400_1.jpg,510
2766,p_0044_400_0.jpg,510
2767,p_0044_400_1.jpg,510
2768,p_0047_400_0.jpg,510
2769,p_0047_400_1.jpg,510
2770,p_0049_400_0.jpg,510
2771,p_0051_400_0.jpg,510
2772,p_0052_400_0.jpg,510
2773,p_0052_400_1.jpg,510
2774,p_0054_400_0.jpg,510
2775,p_0056_400_0.jpg,510
2776,p_0057_400_0.jpg,510
2777,p_0057_400_1.jpg,510
2778,p_0059_400_0.jpg,510
2779,p_0059_400_1.jpg,510
2780,p_0061_400_0.jpg,510
2781,p_0062_400_0.jpg,510
2782,p_0062_400_1.jpg,510
2783,p_0064_400_0.jpg,510
2784,p_0067_400_0.jpg,510
2785,p_0067_400_1.jpg,510
2786,p_0069_400_0.jpg,510
2787,p_0070_400_0.jpg,510
2788,p_0070_400_1.jpg,510
2789,p_0072_400_0.jpg,510
2790,p_0072_400_1.jpg,510
2791,p_0074_400_0.jpg,510
2792,p_0076_400_0.jpg,510
2793,p_0077_400_0.jpg,510
2794,p_0077_400_1.jpg,510
2795,p_0079_400_0.jpg,510
2796,p_0081_400_0.jpg,510
2797,p_0082_400_0.jpg,510
2798,p_0082_400_1.jpg,510
2799,p_0084_400_0.jpg,510
2800,p_0084_400_1.jpg,510
2801,p_0089_400_0.jpg,510
2802,p_0089_400_1.jpg,510
2803,p_0092_400_0.jpg,510
2804,p_0092_400_1.jpg,510
2805,p_0094_400_0.jpg,510
2806,p_0094_400_1.jpg,510
2807,p_0096_400_0.jpg,510
2808,p_0097_400_0.jpg,510
2809,p_0097_400_1.jpg,510
2810,p_0099_400_0.jpg,510
2811,p_0101_400_0.jpg,510
2812,p_0102_400_0.jpg,510
2813,p_0102_400_1.jpg,510
2814,p_0104_400_0.jpg,510
2815,p_0106_400_0.jpg,510
2816,p_0001_450_0.jpg,560
2817,p_0001_450_1.jpg,560
2818,p_0002_450_0.jpg,560
2819,p_0002_450_1.jpg,560
2820,p_0003_450_0.jpg,560
2821,p_0003_450_1.jpg,560
2822,p_0005_450_0.jpg,560
2823,p_0006_450_0.jpg,560
2824,p_0006_450_1.jpg,560
2825,p_0008_450_0.jpg,560
2826,p_0008_450_1.jpg,560
2827,p_0010_450_0.jpg,560
2828,p_0011_450_0.jpg,560
2829,p_0011_450_1.jpg,560
2830,p_0013_450_0.jpg,560
2831,p_0015_450_0.jpg,560
2832,p_0016_450_0.jpg,560
2833,p_0016_450_1.jpg,560
2834,p_0018_450_0.jpg,560
2835,p_0020_450_0.jpg,560
2836,p_0021_450_0.jpg,560
2837,p_0021_450_1.jpg,560
2838,p_0022_450_0.jpg,560
2839,p_0022_450_1.jpg,560
2840,p_0023_450_0.jpg,560
2841,p_0025_450_0.jpg,560
2842,p_0026_450_0.jpg,560
2843,p_0026_450_1.jpg,560
2844,p_0027_450_0.jpg,560
2845,p_0027_450_1.jpg,560
2846,p_0028_450_0.jpg,560
2847,p_0028_450_1.jpg,560
2848,p_0030_450_0.jpg,560
2849,p_0031_450_0.jpg,560
2850,p_0031_450_1.jpg,560
2851,p_0033_450_0.jpg,560
2852,p_0035_450_0.jpg,560
2853,p_0036_450_0.jpg,560
2854,p_0036_450_1.jpg,560
2855,p_0038_450_0.jpg,560
2856,p_0040_450_0.jpg,560
2857,p_0041_450_0.jpg,560
2858,p_0041_450_1.jpg,560
2859,p_0043_450_0.jpg,560
2860,p_0045_450_0.jpg,560
2861,p_0046_450_0.jpg,560
2862,p_0046_450_1.jpg,560
2863,p_0048_450_0.jpg,560
2864,p_0050_450_0.jpg,560
2865,p_0051_450_0.jpg,560
2866,p_0051_450_1.jpg,560
2867,p_0053_450_0.jpg,560
2868,p_0055_450_0.jpg,560
2869,p_0056_450_0.jpg,560
2870,p_0056_450_1.jpg,560
2871,p_0058_450_0.jpg,560
2872,p_0060_450_0.jpg,560
2873,p_0061_450_0.jpg,560
2874,p_0061_450_1.jpg,560
2875,p_0063_450_0.jpg,560
2876,p_0065_450_0.jpg,560
2877,p_0066_450_0.jpg,560
2878,p_0066_450_1.jpg,560
2879,p_0068_450_0.jpg,560
2880,p_0070_450_0.jpg,560
2881,p_0071_450_0.jpg,560
2882,p_0071_450_1.jpg,560
2883,p_0073_450_0.jpg,560
2884,p_0075_450_0.jpg,560
2885,p_0076_450_0.jpg,560
2886,p_0076_450_1.jpg,560
2887,p_0078_450_0.jpg,560
2888,p_0080_450_0.jpg,560
2889,p_0081_450_0.jpg,560
2890,p_0081_450_1.jpg,560
2891,p_0083_450_0.jpg,560
2892,p_0085_450_0.jpg,560
2893,p_0086_450_0.jpg,560
2894,p_0086_450_1.jpg,560
2895,p_0088_450_0.jpg,560
2896,p_0090_450_0.jpg,560
2897,p_0091_450_0.jpg,560
2898,p_0091_450_1.jpg,560
2899,p_0093_450_0.jpg,560
2900,p_0095_450_0.jpg,560
2901,p_0096_450_0.jpg,560
2902,p_0096_450_1.jpg,560
2903,p_0100_450_0.jpg,560
2904,p_0101_450_0.jpg,560
2905,p_0101_450_1.jpg,560
2906,p_0102_450_0.jpg,560
2907,p_0102_450_1.jpg,560
2908,p_0103_450_0.jpg,560
2909,p_0105_450_0.jpg,560
2910,p_0106_450_0.jpg,560
2911,p_0106_450_1.jpg,560
2912,p_0001_50_0.jpg,160
2913,p_0001_50_1.jpg,160
2914,p_0002_50_0.jpg,160
2915,p_0003_50_0.jpg,160
2916,p_0003_50_1.jpg,160
2917,p_0004_50_0.jpg,160
2918,p_0004_50_1.jpg,160
2919,p_0005_50_0.jpg,160
2920,p_0005_50_1.jpg,160
2921,p_0006_50_0.jpg,160
2922,p_0006_50_1.jpg,160
2923,p_0007_50_0.jpg,160
2924,p_0008_50_0.jpg,160
2925,p_0008_50_1.jpg,160
2926,p_0002_500_0.jpg,610
2927,p_0005_500_0.jpg,610
2928,p_0005_500_1.jpg,610
2929,p_0007_500_0.jpg,610
2930,p_0010_500_0.jpg,610
2931,p_0010_500_1.jpg,610
2932,p_0012_500_0.jpg,610
2933,p_0014_500_0.jpg,610
2934,p_0015_500_0.jpg,610
2935,p_0015_500_1.jpg,610
2936,p_0017_500_0.jpg,610
2937,p_0019_500_0.jpg,610
2938,p_0020_500_0.jpg,610
2939,p_0020_500_1.jpg,610
2940,p_0022_500_0.jpg,610
2941,p_0024_500_0.jpg,610
2942,p_0025_500_0.jpg,610
2943,p_0025_500_1.jpg,610
2944,p_0027_500_0.jpg,610
2945,p_0029_500_0.jpg,610
2946,p_0030_500_0.jpg,610
2947,p_0030_500_1.jpg,610
2948,p_0032_500_0.jpg,610
2949,p_0034_500_0.jpg,610
2950,p_0035_500_0.jpg,610
2951,p_0035_500_1.jpg,610
2952,p_0037_500_0.jpg,610
2953,p_0038_500_0.jpg,610
2954,p_0038_500_1.jpg,610
2955,p_0039_500_0.jpg,610
2956,p_0040_500_0.jpg,610
2957,p_0040_500_1.jpg,610
2958,p_0042_500_0.jpg,610
2959,p_0044_500_0.jpg,610
2960,p_0045_500_0.jpg,610
2961,p_0045_500_1.jpg,610
2962,p_0047_500_0.jpg,610
2963,p_0049_500_0.jpg,610
2964,p_0050_500_0.jpg,610
2965,p_0050_500_1.jpg,610
2966,p_0052_500_0.jpg,610
2967,p_0054_500_0.jpg,610
2968,p_0055_500_0.jpg,610
2969,p_0055_500_1.jpg,610
2970,p_0057_500_0.jpg,610
2971,p_0059_500_0.jpg,610
2972,p_0060_500_0.jpg,610
2973,p_0060_500_1.jpg,610
2974,p_0062_500_0.jpg,610
2975,p_0064_500_0.jpg,610
2976,p_0065_500_0.jpg,610
2977,p_0065_500_1.jpg,610
2978,p_0067_500_0.jpg,610
2979,p_0069_500_0.jpg,610
2980,p_0070_500_0.jpg,610
2981,p_0070_500_1.jpg,610
2982,p_0072_500_0.jpg,610
2983,p_0074_500_0.jpg,610
2984,p_0075_500_0.jpg,610
2985,p_0075_500_1.jpg,610
2986,p_0077_500_0.jpg,610
2987,p_0079_500_0.jpg,610
2988,p_0080_500_0.jpg,610
2989,p_0080_500_1.jpg,610
2990,p_0082_500_0.jpg,610
2991,p_0084_500_0.jpg,610
2992,p_0085_500_0.jpg,610
2993,p_0085_500_1.jpg,610
2994,p_0087_500_0.jpg,610
2995,p_0089_500_0.jpg,610
2996,p_0090_500_0.jpg,610
2997,p_0090_500_1.jpg,610
2998,p_0092_500_0.jpg,610
2999,p_0094_500_0.jpg,610
3000,p_0095_500_0.jpg,610
3001,p_0095_500_1.jpg,610
3002,p_0097_500_0.jpg,610
3003,p_0099_500_0.jpg,610
3004,p_0100_500_0.jpg,610
3005,p_0100_500_1.jpg,610
3006,p_0102_500_0.jpg,610
3007,p_0104_500_0.jpg,610
3008,p_0105_500_0.jpg,610
3009,p_0105_500_1.jpg,610
3010,p_0001_600_0.jpg,710
3011,p_0002_600_0.jpg,710
3012,p_0002_600_1.jpg,710
3013,p_0003_600_0.jpg,710
3014,p_0003_600_1.jpg,710
3015,p_0004_600_0.jpg,710
3016,p_0005_600_0.jpg,710
3017,p_0005_600_1.jpg,710
3018,p_0006_600_0.jpg,710
3019,p_0007_600_0.jpg,710
3020,p_0007_600_1.jpg,710
3021,p_0008_600_0.jpg,710
3022,p_0008_600_1.jpg,710
3023,p_0009_600_0.jpg,710
3024,p_0010_600_0.jpg,710
3025,p_0010_600_1.jpg,710
3026,p_0011_600_0.jpg,710
3027,p_0013_600_0.jpg,710
3028,p_0013_600_1.jpg,710
3029,p_0014_600_0.jpg,710
3030,p_0015_600_0.jpg,710
3031,p_0015_600_1.jpg,710
3032,p_0016_600_0.jpg,710
3033,p_0017_600_0.jpg,710
3034,p_0017_600_1.jpg,710
3035,p_0018_600_0.jpg,710
3036,p_0018_600_1.jpg,710
3037,p_0019_600_0.jpg,710
3038,p_0020_600_0.jpg,710
3039,p_0020_600_1.jpg,710
3040,p_0021_600_0.jpg,710
3041,p_0022_600_0.jpg,710
3042,p_0022_600_1.jpg,710
3043,p_0023_600_0.jpg,710
3044,p_0023_600_1.jpg,710
3045,p_0024_600_0.jpg,710
3046,p_0025_600_0.jpg,710
3047,p_0025_600_1.jpg,710
3048,p_0026_600_0.jpg,710
3049,p_0027_600_0.jpg,710
3050,p_0027_600_1.jpg,710
3051,p_0028_600_0.jpg,710
3052,p_0028_600_1.jpg,710
3053,p_0029_600_0.jpg,710
3054,p_0030_600_0.jpg,710
3055,p_0030_600_1.jpg,710
3056,p_0031_600_0.jpg,710
3057,p_0032_600_0.jpg,710
3058,p_0032_600_1.jpg,710
3059,p_0033_600_0.jpg,710
3060,p_0033_600_1.jpg,710
3061,p_0034_600_0.jpg,710
3062,p_0035_600_0.jpg,710
3063,p_0035_600_1.jpg,710
3064,p_0036_600_0.jpg,710
3065,p_0037_600_0.jpg,710
3066,p_0037_600_1.jpg,710
3067,p_0038_600_0.jpg,710
3068,p_0038_600_1.jpg,710
3069,p_0039_600_0.jpg,710
3070,p_0040_600_0.jpg,710
3071,p_0040_600_1.jpg,710
3072,p_0041_600_0.jpg,710
3073,p_0042_600_0.jpg,710
3074,p_0042_600_1.jpg,710
3075,p_0043_600_0.jpg,710
3076,p_0043_600_1.jpg,710
3077,p_0044_600_0.jpg,710
3078,p_0045_600_0.jpg,710
3079,p_0045_600_1.jpg,710
3080,p_0046_600_0.jpg,710
3081,p_0047_600_0.jpg,710
3082,p_0047_600_1.jpg,710
3083,p_0048_600_0.jpg,710
3084,p_0048_600_1.jpg,710
3085,p_0049_600_0.jpg,710
3086,p_0050_600_0.jpg,710
3087,p_0050_600_1.jpg,710
3088,p_0051_600_0.jpg,710
3089,p_0052_600_0.jpg,710
3090,p_0052_600_1.jpg,710
3091,p_0053_600_0.jpg,710
3092,p_0053_600_1.jpg,710
3093,p_0054_600_0.jpg,710
3094,p_0055_600_0.jpg,710
3095,p_0055_600_1.jpg,710
3096,p_0056_600_0.jpg,710
3097,p_0057_600_0.jpg,710
3098,p_0057_600_1.jpg,710
3099,p_0058_600_0.jpg,710
3100,p_0058_600_1.jpg,710
3101,p_0059_600_0.jpg,710
3102,p_0060_600_0.jpg,710
3103,p_0060_600_1.jpg,710
3104,p_0061_600_0.jpg,710
3105,p_0062_600_0.jpg,710
3106,p_0062_600_1.jpg,710
3107,p_0063_600_0.jpg,710
3108,p_0063_600_1.jpg,710
3109,p_0064_600_0.jpg,710
3110,p_0065_600_0.jpg,710
3111,p_0065_600_1.jpg,710
3112,p_0066_600_0.jpg,710
3113,p_0067_600_0.jpg,710
3114,p_0067_600_1.jpg,710
3115,p_0068_600_0.jpg,710
3116,p_0068_600_1.jpg,710
3117,p_0069_600_0.jpg,710
3118,p_0070_600_0.jpg,710
3119,p_0070_600_1.jpg,710
3120,p_0071_600_0.jpg,710
3121,p_0072_600_0.jpg,710
3122,p_0072_600_1.jpg,710
3123,p_0073_600_0.jpg,710
3124,p_0073_600_1.jpg,710
3125,p_0074_600_0.jpg,710
3126,p_0075_600_0.jpg,710
3127,p_0075_600_1.jpg,710
3128,p_0076_600_0.jpg,710
3129,p_0077_600_0.jpg,710
3130,p_0077_600_1.jpg,710
3131,p_0078_600_0.jpg,710
3132,p_0078_600_1.jpg,710
3133,p_0079_600_0.jpg,710
3134,p_0080_600_0.jpg,710
3135,p_0080_600_1.jpg,710
3136,p_0081_600_0.jpg,710
3137,p_0082_600_0.jpg,710
3138,p_0082_600_1.jpg,710
3139,p_0083_600_0.jpg,710
3140,p_0083_600_1.jpg,710
3141,p_0084_600_0.jpg,710
3142,p_0085_600_0.jpg,710
3143,p_0085_600_1.jpg,710
3144,p_0086_600_0.jpg,710
3145,p_0087_600_0.jpg,710
3146,p_0087_600_1.jpg,710
3147,p_0088_600_0.jpg,710
3148,p_0088_600_1.jpg,710
3149,p_0089_600_0.jpg,710
3150,p_0090_600_0.jpg,710
3151,p_0090_600_1.jpg,710
3152,p_0091_600_0.jpg,710
3153,p_0092_600_0.jpg,710
3154,p_0092_600_1.jpg,710
3155,p_0093_600_0.jpg,710
3156,p_0093_600_1.jpg,710
3157,p_0094_600_0.jpg,710
3158,p_0095_600_0.jpg,710
3159,p_0095_600_1.jpg,710
3160,p_0096_600_0.jpg,710
3161,p_0097_600_0.jpg,710
3162,p_0097_600_1.jpg,710
3163,p_0098_600_0.jpg,710
3164,p_0098_600_1.jpg,710
3165,p_0099_600_0.jpg,710
3166,p_0100_600_0.jpg,710
3167,p_0100_600_1.jpg,710
3168,p_0101_600_0.jpg,710
3169,p_0102_600_0.jpg,710
3170,p_0102_600_1.jpg,710
3171,p_0103_600_0.jpg,710
3172,p_0103_600_1.jpg,710
3173,p_0104_600_0.jpg,710
3174,p_0105_600_0.jpg,710
3175,p_0105_600_1.jpg,710
3176,p_0001_800_0.jpg,910
3177,p_0001_800_1.jpg,910
3178,p_0002_800_0.jpg,910
3179,p_0003_800_0.jpg,910
3180,p_0003_800_1.jpg,910
3181,p_0004_800_0.jpg,910
3182,p_0005_800_0.jpg,910
3183,p_0005_800_1.jpg,910
3184,p_0006_800_0.jpg,910
3185,p_0006_800_1.jpg,910
3186,p_0007_800_0.jpg,910
3187,p_0008_800_0.jpg,910
3188,p_0008_800_1.jpg,910
3189,p_0009_800_0.jpg,910
3190,p_0011_800_0.jpg,910
3191,p_0011_800_1.jpg,910
3192,p_0012_800_0.jpg,910
3193,p_0013_800_0.jpg,910
3194,p_0013_800_1.jpg,910
3195,p_0014_800_0.jpg,910
3196,p_0015_800_0.jpg,910
3197,p_0015_800_1.jpg,910
3198,p_0016_800_0.jpg,910
3199,p_0016_800_1.jpg,910
3200,p_0017_800_0.jpg,910
3201,p_0018_800_0.jpg,910
3202,p_0018_800_1.jpg,910
3203,p_0019_800_0.jpg,910
3204,p_0020_800_0.jpg,910
3205,p_0020_800_1.jpg,910
3206,p_0021_800_0.jpg,910
3207,p_0021_800_1.jpg,910
3208,p_0022_800_0.jpg,910
3209,p_0023_800_0.jpg,910
3210,p_0023_800_1.jpg,910
3211,p_0024_800_0.jpg,910
3212,p_0025_800_0.jpg,910
3213,p_0025_800_1.jpg,910
3214,p_0026_800_0.jpg,910
3215,p_0026_800_1.jpg,910
3216,p_0027_800_0.jpg,910
3217,p_0028_800_0.jpg,910
3218,p_0028_800_1.jpg,910
3219,p_0029_800_0.jpg,910
3220,p_0030_800_0.jpg,910
3221,p_0030_800_1.jpg,910
3222,p_0031_800_0.jpg,910
3223,p_0031_800_1.jpg,910
3224,p_0032_800_0.jpg,910
3225,p_0033_800_0.jpg,910
3226,p_0033_800_1.jpg,910
3227,p_0034_800_0.jpg,910
3228,p_0035_800_0.jpg,910
3229,p_0035_800_1.jpg,910
3230,p_0036_800_0.jpg,910
3231,p_0036_800_1.jpg,910
3232,p_0037_800_0.jpg,910
3233,p_0038_800_0.jpg,910
3234,p_0038_800_1.jpg,910
3235,p_0039_800_0.jpg,910
3236,p_0040_800_0.jpg,910
3237,p_0040_800_1.jpg,910
3238,p_0041_800_0.jpg,910
3239,p_0041_800_1.jpg,910
3240,p_0042_800_0.jpg,910
3241,p_0043_800_0.jpg,910
3242,p_0043_800_1.jpg,910
3243,p_0044_800_0.jpg,910
3244,p_0045_800_0.jpg,910
3245,p_0045_800_1.jpg,910
3246,p_0046_800_0.jpg,910
3247,p_0046_800_1.jpg,910
3248,p_0047_800_0.jpg,910
3249,p_0048_800_0.jpg,910
3250,p_0048_800_1.jpg,910
3251,p_0049_800_0.jpg,910
3252,p_0050_800_0.jpg,910
3253,p_0050_800_1.jpg,910
3254,p_0051_800_0.jpg,910
3255,p_0051_800_1.jpg,910
3256,p_0052_800_0.jpg,910
3257,p_0053_800_0.jpg,910
3258,p_0053_800_1.jpg,910
3259,p_0054_800_0.jpg,910
3260,p_0055_800_0.jpg,910
3261,p_0055_800_1.jpg,910
3262,p_0056_800_0.jpg,910
3263,p_0056_800_1.jpg,910
3264,p_0057_800_0.jpg,910
3265,p_0058_800_0.jpg,910
3266,p_0058_800_1.jpg,910
3267,p_0059_800_0.jpg,910
3268,p_0060_800_0.jpg,910
3269,p_0060_800_1.jpg,910
3270,p_0061_800_0.jpg,910
3271,p_0061_800_1.jpg,910
3272,p_0062_800_0.jpg,910
3273,p_0063_800_0.jpg,910
3274,p_0063_800_1.jpg,910
3275,p_0064_800_0.jpg,910
3276,p_0065_800_0.jpg,910
3277,p_0065_800_1.jpg,910
3278,p_0066_800_0.jpg,910
3279,p_0066_800_1.jpg,910
3280,p_0067_800_0.jpg,910
3281,p_0068_800_0.jpg,910
3282,p_0068_800_1.jpg,910
3283,p_0069_800_0.jpg,910
3284,p_0070_800_0.jpg,910
3285,p_0070_800_1.jpg,910
3286,p_0071_800_0.jpg,910
3287,p_0071_800_1.jpg,910
3288,p_0072_800_0.jpg,910
3289,p_0073_800_0.jpg,910
3290,p_0073_800_1.jpg,910
3291,p_0074_800_0.jpg,910
3292,p_0075_800_0.jpg,910
3293,p_0075_800_1.jpg,910
3294,p_0076_800_0.jpg,910
3295,p_0076_800_1.jpg,910
3296,p_0077_800_0.jpg,910
3297,p_0078_800_0.jpg,910
3298,p_0078_800_1.jpg,910
3299,p_0079_800_0.jpg,910
3300,p_0080_800_0.jpg,910
3301,p_0080_800_1.jpg,910
3302,p_0081_800_0.jpg,910
3303,p_0081_800_1.jpg,910
3304,p_0082_800_0.jpg,910
3305,p_0083_800_0.jpg,910
3306,p_0083_800_1.jpg,910
3307,p_0084_800_0.jpg,910
3308,p_0085_800_0.jpg,910
3309,p_0085_800_1.jpg,910
3310,p_0086_800_0.jpg,910
3311,p_0086_800_1.jpg,910
3312,p_0087_800_0.jpg,910
3313,p_0088_800_0.jpg,910
3314,p_0088_800_1.jpg,910
3315,p_0089_800_0.jpg,910
3316,p_0090_800_0.jpg,910
3317,p_0090_800_1.jpg,910
3318,p_0091_800_0.jpg,910
3319,p_0091_800_1.jpg,910
3320,p_0092_800_0.jpg,910
3321,p_0093_800_0.jpg,910
3322,p_0093_800_1.jpg,910
3323,p_0094_800_0.jpg,910
3324,p_0095_800_0.jpg,910
3325,p_0095_800_1.jpg,910
3326,p_0096_800_0.jpg,910
3327,p_0096_800_1.jpg,910
3328,p_0097_800_0.jpg,910
3329,p_0098_800_0.jpg,910
3330,p_0098_800_1.jpg,910
3331,p_0099_800_0.jpg,910
3332,p_0100_800_0.jpg,910
3333,p_0100_800_1.jpg,910
3334,p_0101_800_0.jpg,910
3335,p_0101_800_1.jpg,910
3336,p_0102_800_0.jpg,910
3337,p_0103_800_0.jpg,910
3338,p_0103_800_1.jpg,910
3339,p_0104_800_0.jpg,910
3340,p_0105_800_0.jpg,910
3341,p_0105_800_1.jpg,910
3342,p_0106_800_0.jpg,910
3343,p_0106_800_1.jpg,910
3344,p_0107_800_0.jpg,910
3345,p_0001_900_0.jpg,1010
3346,p_0002_900_0.jpg,1010
3347,p_0002_900_1.jpg,1010
3348,p_0003_900_0.jpg,1010
3349,p_0003_900_1.jpg,1010
3350,p_0005_900_0.jpg,1010
3351,p_0005_900_1.jpg,1010
3352,p_0006_900_0.jpg,1010
3353,p_0007_900_0.jpg,1010
3354,p_0007_900_1.jpg,1010
3355,p_0008_900_0.jpg,1010
3356,p_0008_900_1.jpg,1010
3357,p_0009_900_0.jpg,1010
3358,p_0010_900_0.jpg,1010
3359,p_0010_900_1.jpg,1010
3360,p_0011_900_0.jpg,1010
3361,p_0012_900_0.jpg,1010
3362,p_0012_900_1.jpg,1010
3363,p_0013_900_0.jpg,1010
3364,p_0014_900_0.jpg,1010
3365,p_0014_900_1.jpg,1010
3366,p_0015_900_0.jpg,1010
3367,p_0015_900_1.jpg,1010
3368,p_0016_900_0.jpg,1010
3369,p_0017_900_0.jpg,1010
3370,p_0017_900_1.jpg,1010
3371,p_0018_900_0.jpg,1010
3372,p_0019_900_0.jpg,1010
3373,p_0019_900_1.jpg,1010
3374,p_0020_900_0.jpg,1010
3375,p_0020_900_1.jpg,1010
3376,p_0021_900_0.jpg,1010
3377,p_0022_900_0.jpg,1010
3378,p_0022_900_1.jpg,1010
3379,p_0023_900_0.jpg,1010
3380,p_0024_900_0.jpg,1010
3381,p_0024_900_1.jpg,1010
3382,p_0025_900_0.jpg,1010
3383,p_0025_900_1.jpg,1010
3384,p_0026_900_0.jpg,1010
3385,p_0027_900_0.jpg,1010
3386,p_0027_900_1.jpg,1010
3387,p_0028_900_0.jpg,1010
3388,p_0029_900_0.jpg,1010
3389,p_0029_900_1.jpg,1010
3390,p_0030_900_0.jpg,1010
3391,p_0030_900_1.jpg,1010
3392,p_0031_900_0.jpg,1010
3393,p_0032_900_0.jpg,1010
3394,p_0032_900_1.jpg,1010
3395,p_0033_900_0.jpg,1010
3396,p_0034_900_0.jpg,1010
3397,p_0034_900_1.jpg,1010
3398,p_0035_900_0.jpg,1010
3399,p_0035_900_1.jpg,1010
3400,p_0036_900_0.jpg,1010
3401,p_0037_900_0.jpg,1010
3402,p_0037_900_1.jpg,1010
3403,p_0038_900_0.jpg,1010
3404,p_0039_900_0.jpg,1010
3405,p_0039_900_1.jpg,1010
3406,p_0040_900_0.jpg,1010
3407,p_0040_900_1.jpg,1010
3408,p_0041_900_0.jpg,1010
3409,p_0042_900_0.jpg,1010
3410,p_0042_900_1.jpg,1010
3411,p_0043_900_0.jpg,1010
3412,p_0044_900_0.jpg,1010
3413,p_0044_900_1.jpg,1010
3414,p_0045_900_0.jpg,1010
3415,p_0045_900_1.jpg,1010
3416,p_0046_900_0.jpg,1010
3417,p_0047_900_0.jpg,1010
3418,p_0047_900_1.jpg,1010
3419,p_0048_900_0.jpg,1010
3420,p_0049_900_0.jpg,1010
3421,p_0049_900_1.jpg,1010
3422,p_0050_900_0.jpg,1010
3423,p_0050_900_1.jpg,1010
3424,p_0051_900_0.jpg,1010
3425,p_0052_900_0.jpg,1010
3426,p_0052_900_1.jpg,1010
3427,p_0053_900_0.jpg,1010
3428,p_0054_900_0.jpg,1010
3429,p_0055_900_0.jpg,1010
3430,p_0055_900_1.jpg,1010
3431,p_0056_900_0.jpg,1010
3432,p_0057_900_0.jpg,1010
3433,p_0057_900_1.jpg,1010
3434,p_0058_900_0.jpg,1010
3435,p_0059_900_0.jpg,1010
3436,p_0060_900_0.jpg,1010
3437,p_0060_900_1.jpg,1010
3438,p_0061_900_0.jpg,1010
3439,p_0062_900_0.jpg,1010
3440,p_0062_900_1.jpg,1010
3441,p_0063_900_0.jpg,1010
3442,p_0064_900_0.jpg,1010
3443,p_0064_900_1.jpg,1010
3444,p_0065_900_0.jpg,1010
3445,p_0065_900_1.jpg,1010
3446,p_0066_900_0.jpg,1010
3447,p_0067_900_0.jpg,1010
3448,p_0067_900_1.jpg,1010
3449,p_0068_900_0.jpg,1010
3450,p_0069_900_0.jpg,1010
3451,p_0069_900_1.jpg,1010
3452,p_0070_900_0.jpg,1010
3453,p_0070_900_1.jpg,1010
3454,p_0071_900_0.jpg,1010
3455,p_0072_900_0.jpg,1010
3456,p_0072_900_1.jpg,1010
3457,p_0073_900_0.jpg,1010
3458,p_0074_900_0.jpg,1010
3459,p_0075_900_0.jpg,1010
3460,p_0075_900_1.jpg,1010
3461,p_0076_900_0.jpg,1010
3462,p_0077_900_0.jpg,1010
3463,p_0077_900_1.jpg,1010
3464,p_0078_900_0.jpg,1010
3465,p_0078_900_1.jpg,1010
3466,p_0079_900_0.jpg,1010
3467,p_0080_900_0.jpg,1010
3468,p_0080_900_1.jpg,1010
3469,p_0081_900_0.jpg,1010
3470,p_0082_900_0.jpg,1010
3471,p_0082_900_1.jpg,1010
3472,p_0083_900_0.jpg,1010
3473,p_0084_900_0.jpg,1010
3474,p_0085_900_0.jpg,1010
3475,p_0085_900_1.jpg,1010
3476,p_0086_900_0.jpg,1010
3477,p_0087_900_0.jpg,1010
3478,p_0087_900_1.jpg,1010
3479,p_0088_900_0.jpg,1010
3480,p_0088_900_1.jpg,1010
3481,p_0089_900_0.jpg,1010
3482,p_0090_900_0.jpg,1010
3483,p_0090_900_1.jpg,1010
3484,p_0091_900_0.jpg,1010
3485,p_0092_900_0.jpg,1010
3486,p_0092_900_1.jpg,1010
3487,p_0093_900_0.jpg,1010
3488,p_0093_900_1.jpg,1010
3489,p_0094_900_0.jpg,1010
3490,p_0095_900_0.jpg,1010
3491,p_0095_900_1.jpg,1010
3492,p_0096_900_0.jpg,1010
3493,p_0097_900_0.jpg,1010
3494,p_0097_900_1.jpg,1010
3495,p_0098_900_0.jpg,1010
3496,p_0098_900_1.jpg,1010
3497,p_0099_900_0.jpg,1010
3498,p_0100_900_0.jpg,1010
3499,p_0100_900_1.jpg,1010
3500,p_0101_900_0.jpg,1010
3501,p_0102_900_0.jpg,1010
3502,p_0102_900_1.jpg,1010
3503,p_0103_900_0.jpg,1010
3504,p_0104_900_0.jpg,1010
3505,p_0105_900_0.jpg,1010
3506,p_0105_900_1.jpg,1010
3507,p_0106_900_0.jpg,1010
3508,p_0107_900_0.jpg,1010
3509,p_0107_900_1.jpg,1010
