Name,DOF
p_0034_1200_0.jpg,1310
m_0026_800_0.jpg,-690
p_0104_0_1.jpg,110
m_0062_700_0.jpg,-590
m_0058_190_1.jpg,-80
m_0095_980_0.jpg,-870
p_0031_800_0.jpg,910
m_0039_350_1.jpg,-240
m_0030_290_1.jpg,-180
p_0080_500_1.jpg,610
p_0008_1400_1.jpg,1510
p_0028_1400_0.jpg,1510
m_0048_190_0.jpg,-80
p_0098_200_0.jpg,310
p_0033_1400_1.jpg,1510
p_0001_1100_0.jpg,1210
m_0033_800_0.jpg,-690
p_0060_500_0.jpg,610
m_0047_20_0.jpg,90
m_0075_450_0.jpg,-340
m_0064_980_0.jpg,-870
p_0050_1400_0.jpg,1510
p_0015_500_0.jpg,610
m_0085_110_0.jpg,0
p_0065_1400_0.jpg,1510
m_0052_350_1.jpg,-240
p_0101_0_1.jpg,110
p_0069_1400_0.jpg,1510
p_0094_400_0.jpg,510
p_0068_1100_0.jpg,1210
m_0080_800_0.jpg,-690
m_0059_70_1.jpg,40
p_0081_150_0.jpg,260
m_0081_980_0.jpg,-870
p_0044_900_1.jpg,1010
p_0062_600_0.jpg,710
m_0070_230_0.jpg,-120
m_0084_20_1.jpg,90
p_0085_1100_1.jpg,1210
p_0003_900_0.jpg,1010
p_0005_900_0.jpg,1010
p_0021_200_1.jpg,310
m_0077_350_0.jpg,-240
p_0006_1100_1.jpg,1210
p_0088_900_1.jpg,1010
p_0053_0_0.jpg,110
p_0058_800_1.jpg,910
m_0035_190_1.jpg,-80
p_0038_1400_0.jpg,1510
m_0063_110_0.jpg,0
m_0038_550_1.jpg,-440
m_0005_700_0.jpg,-590
m_0065_350_1.jpg,-240
m_0055_350_1.jpg,-240
m_0055_600_0.jpg,-490
m_0007_70_1.jpg,40
m_0002_70_0.jpg,40
p_0101_800_0.jpg,910
p_0058_1000_0.jpg,1110
p_0057_100_0.jpg,210
m_0037_70_0.jpg,40
m_0073_500_0.jpg,-390
p_0056_900_0.jpg,1010
p_0013_1100_0.jpg,1210
m_0022_20_0.jpg,90
m_0070_190_1.jpg,-80
p_0019_150_0.jpg,260
p_0021_1400_1.jpg,1510
p_0050_900_0.jpg,1010
m_0093_500_0.jpg,-390
m_0050_110_1.jpg,0
p_0043_1400_0.jpg,1510
m_0047_900_1.jpg,-790
p_0021_200_0.jpg,310
p_0042_0_0.jpg,110
m_0048_290_0.jpg,-180
p_0093_1200_0.jpg,1310
p_0074_600_0.jpg,710
p_0031_0_1.jpg,110
m_0086_600_1.jpg,-490
p_0050_1100_0.jpg,1210
m_0039_230_1.jpg,-120
p_0002_600_1.jpg,710
p_0077_200_0.jpg,310
p_0014_250_0.jpg,360
p_0079_900_0.jpg,1010
p_0021_0_0.jpg,110
m_0090_980_1.jpg,-870
m_0037_1200_0.jpg,-1090
p_0047_250_1.jpg,360
p_0026_0_1.jpg,110
p_0014_400_0.jpg,510
m_0107_700_1.jpg,-590
p_0091_150_0.jpg,260
p_0025_800_0.jpg,910
p_0081_900_0.jpg,1010
p_0039_900_0.jpg,1010
m_0088_600_1.jpg,-490
p_0043_1200_0.jpg,1310
p_0085_350_0.jpg,460
p_0011_350_1.jpg,460
p_0033_0_0.jpg,110
p_0016_150_1.jpg,260
m_0091_500_0.jpg,-390
p_0060_800_0.jpg,910
p_0076_1400_0.jpg,1510
m_0057_110_1.jpg,0
m_0097_350_1.jpg,-240
p_0025_500_0.jpg,610
p_0060_800_1.jpg,910
m_0097_980_0.jpg,-870
m_0045_230_0.jpg,-120
m_0103_290_0.jpg,-180
m_0053_980_1.jpg,-870
p_0064_250_1.jpg,360
p_0047_900_0.jpg,1010
p_0089_0_0.jpg,110
m_0047_350_0.jpg,-240
p_0046_100_0.jpg,210
p_0029_0_0.jpg,110
p_0062_1300_0.jpg,1410
p_0011_200_1.jpg,310
p_0093_900_1.jpg,1010
m_0064_900_1.jpg,-790
m_0002_700_1.jpg,-590
m_0077_230_0.jpg,-120
p_0026_200_1.jpg,310
p_0069_800_0.jpg,910
m_0050_20_0.jpg,90
p_0073_600_1.jpg,710
m_0105_70_1.jpg,40
p_0012_500_0.jpg,610
p_0051_1300_0.jpg,1410
p_0074_1100_0.jpg,1210
m_0094_980_0.jpg,-870
m_0002_900_0.jpg,-790
p_0080_1200_1.jpg,1310
p_0053_300_0.jpg,410
p_0047_800_0.jpg,910
m_0014_800_1.jpg,-690
m_0107_20_0.jpg,90
p_0040_1200_1.jpg,1310
m_0071_190_0.jpg,-80
p_0100_1300_1.jpg,1410
m_0054_70_1.jpg,40
m_0084_230_1.jpg,-120
p_0086_200_1.jpg,310
m_0050_290_1.jpg,-180
p_0043_1100_1.jpg,1210
m_0060_110_0.jpg,0
p_0081_1300_0.jpg,1410
m_0040_190_1.jpg,-80
m_0078_980_1.jpg,-870
p_0082_100_1.jpg,210
p_0044_500_0.jpg,610
p_0062_500_0.jpg,610
m_0048_190_1.jpg,-80
m_0038_190_1.jpg,-80
m_0008_290_1.jpg,-180
m_0005_1400_1.jpg,-1290
m_0043_980_1.jpg,-870
p_0091_450_0.jpg,560
m_0055_290_0.jpg,-180
p_0059_600_0.jpg,710
p_0090_1400_0.jpg,1510
m_0091_980_0.jpg,-870
m_0065_110_0.jpg,0
m_0015_980_1.jpg,-870
m_0067_110_1.jpg,0
m_0093_290_1.jpg,-180
p_0071_0_0.jpg,110
p_0017_1300_1.jpg,1410
m_0103_190_1.jpg,-80
p_0078_1100_0.jpg,1210
p_0095_500_1.jpg,610
p_0029_800_0.jpg,910
p_0100_1200_0.jpg,1310
m_0079_110_1.jpg,0
p_0097_600_0.jpg,710
p_0032_600_0.jpg,710
p_0034_1100_0.jpg,1210
m_0035_350_1.jpg,-240
m_0068_190_1.jpg,-80
p_0056_150_0.jpg,260
p_0068_900_0.jpg,1010
p_0053_1200_0.jpg,1310
m_0010_110_0.jpg,0
p_0002_1400_0.jpg,1510
p_0095_800_1.jpg,910
p_0027_1200_0.jpg,1310
m_0033_450_0.jpg,-340
m_0095_110_0.jpg,0
p_0020_500_1.jpg,610
p_0024_800_0.jpg,910
p_0059_1400_0.jpg,1510
p_0059_1000_1.jpg,1110
p_0010_900_1.jpg,1010
m_0061_700_0.jpg,-590
p_0019_1400_1.jpg,1510
m_0037_350_0.jpg,-240
m_0068_190_0.jpg,-80
m_0056_350_0.jpg,-240
p_0024_400_0.jpg,510
p_0077_1300_0.jpg,1410
p_0006_250_0.jpg,360
p_0008_200_1.jpg,310
p_0021_900_0.jpg,1010
m_0024_900_0.jpg,-790
p_0045_800_1.jpg,910
p_0054_800_0.jpg,910
m_0072_70_0.jpg,40
p_0046_1100_0.jpg,1210
p_0004_800_0.jpg,910
p_0086_800_1.jpg,910
p_0103_800_0.jpg,910
p_0092_900_0.jpg,1010
m_0023_500_0.jpg,-390
m_0044_70_1.jpg,40
m_0092_70_0.jpg,40
p_0014_1400_1.jpg,1510
p_0042_600_1.jpg,710
m_0045_900_1.jpg,-790
p_0061_1400_0.jpg,1510
m_0020_600_0.jpg,-490
m_0020_230_0.jpg,-120
p_0081_0_0.jpg,110
p_0094_500_0.jpg,610
p_0010_1200_1.jpg,1310
p_0008_1200_1.jpg,1310
p_0039_1000_0.jpg,1110
p_0077_1400_0.jpg,1510
p_0086_1100_1.jpg,1210
m_0075_980_1.jpg,-870
p_0072_800_0.jpg,910
p_0013_1200_0.jpg,1310
m_0086_20_0.jpg,90
m_0015_110_1.jpg,0
m_0095_190_1.jpg,-80
m_0076_400_0.jpg,-290
p_0014_800_0.jpg,910
p_0026_450_1.jpg,560
p_0058_1200_1.jpg,1310
p_0083_0_1.jpg,110
m_0043_110_1.jpg,0
p_0103_1200_0.jpg,1310
p_0041_800_0.jpg,910
p_0098_900_1.jpg,1010
p_0003_350_0.jpg,460
p_0074_1000_1.jpg,1110
p_0052_400_0.jpg,510
m_0008_450_0.jpg,-340
p_0009_1300_1.jpg,1410
p_0053_600_0.jpg,710
p_0064_900_1.jpg,1010
p_0090_1300_1.jpg,1410
p_0053_600_1.jpg,710
p_0006_350_0.jpg,460
p_0025_1300_1.jpg,1410
p_0015_1200_1.jpg,1310
p_0025_1200_0.jpg,1310
m_0008_500_0.jpg,-390
p_0055_900_1.jpg,1010
m_0094_230_1.jpg,-120
p_0107_800_0.jpg,910
p_0002_1300_1.jpg,1410
m_0072_550_0.jpg,-440
m_0049_900_0.jpg,-790
m_0001_500_0.jpg,-390
m_0038_900_0.jpg,-790
p_0023_600_0.jpg,710
m_0044_980_0.jpg,-870
m_0058_980_1.jpg,-870
m_0027_400_1.jpg,-290
m_0015_1200_1.jpg,-1090
p_0085_1100_0.jpg,1210
m_0077_550_1.jpg,-440
p_0095_900_1.jpg,1010
p_0101_900_0.jpg,1010
p_0082_600_1.jpg,710
p_0069_1300_0.jpg,1410
m_0010_900_1.jpg,-790
m_0102_110_0.jpg,0
p_0072_1100_0.jpg,1210
p_0082_200_0.jpg,310
m_0040_980_0.jpg,-870
p_0008_450_1.jpg,560
m_0056_700_0.jpg,-590
m_0039_900_0.jpg,-790
p_0061_1300_0.jpg,1410
p_0104_600_0.jpg,710
m_0038_980_1.jpg,-870
m_0027_400_0.jpg,-290
m_0087_20_1.jpg,90
p_0079_100_0.jpg,210
m_0009_70_0.jpg,40
p_0008_200_0.jpg,310
p_0068_1200_0.jpg,1310
m_0093_450_1.jpg,-340
p_0054_400_0.jpg,510
p_0010_900_0.jpg,1010
p_0026_1200_0.jpg,1310
m_0067_550_0.jpg,-440
p_0079_500_0.jpg,610
m_0040_350_0.jpg,-240
p_0058_200_0.jpg,310
p_0043_600_0.jpg,710
m_0040_500_0.jpg,-390
m_0019_190_0.jpg,-80
p_0103_900_0.jpg,1010
p_0083_450_0.jpg,560
p_0073_350_0.jpg,460
p_0090_500_1.jpg,610
p_0050_350_0.jpg,460
p_0088_1100_0.jpg,1210
p_0007_1300_0.jpg,1410
p_0093_0_0.jpg,110
p_0049_250_1.jpg,360
m_0008_980_1.jpg,-870
p_0092_800_0.jpg,910
m_0055_110_1.jpg,0
p_0020_300_0.jpg,410
p_0087_100_0.jpg,210
m_0019_20_1.jpg,90
m_0003_190_0.jpg,-80
m_0014_400_0.jpg,-290
p_0094_250_1.jpg,360
p_0001_800_0.jpg,910
m_0043_110_0.jpg,0
m_0025_230_0.jpg,-120
m_0052_110_0.jpg,0
m_0047_600_0.jpg,-490
m_0052_700_1.jpg,-590
p_0094_1100_0.jpg,1210
p_0056_350_0.jpg,460
p_0008_50_0.jpg,160
m_0036_450_1.jpg,-340
m_0102_980_1.jpg,-870
m_0088_190_0.jpg,-80
m_0083_980_0.jpg,-870
m_0019_900_0.jpg,-790
p_0044_800_0.jpg,910
m_0051_700_0.jpg,-590
p_0026_1100_0.jpg,1210
m_0087_70_0.jpg,40
p_0101_200_1.jpg,310
p_0101_150_1.jpg,260
m_0052_110_1.jpg,0
m_0017_980_1.jpg,-870
m_0055_350_0.jpg,-240
m_0090_350_0.jpg,-240
p_0010_500_1.jpg,610
p_0060_350_0.jpg,460
p_0030_450_0.jpg,560
p_0011_800_0.jpg,910
m_0047_230_0.jpg,-120
m_0026_290_0.jpg,-180
m_0038_350_0.jpg,-240
m_0080_350_0.jpg,-240
m_0088_290_0.jpg,-180
p_0024_1300_1.jpg,1410
p_0066_600_0.jpg,710
p_0058_350_1.jpg,460
p_0007_400_1.jpg,510
p_0085_1400_0.jpg,1510
p_0080_1300_0.jpg,1410
p_0069_500_0.jpg,610
m_0095_110_1.jpg,0
p_0091_900_0.jpg,1010
m_0082_350_0.jpg,-240
p_0036_900_0.jpg,1010
m_0018_350_0.jpg,-240
p_0005_300_0.jpg,410
m_0043_290_1.jpg,-180
p_0064_1400_1.jpg,1510
p_0099_1400_1.jpg,1510
p_0054_250_0.jpg,360
p_0041_800_1.jpg,910
p_0042_1200_0.jpg,1310
m_0043_500_1.jpg,-390
p_0099_400_0.jpg,510
m_0047_900_0.jpg,-790
p_0044_1000_1.jpg,1110
m_0106_980_0.jpg,-870
m_0005_110_0.jpg,0
p_0046_150_1.jpg,260
p_0014_0_0.jpg,110
m_0079_230_1.jpg,-120
p_0106_1400_0.jpg,1510
m_0087_600_0.jpg,-490
p_0018_200_0.jpg,310
p_0092_500_0.jpg,610
m_0103_800_0.jpg,-690
p_0065_1200_1.jpg,1310
p_0060_900_0.jpg,1010
m_0062_900_1.jpg,-790
m_0010_500_0.jpg,-390
p_0040_300_0.jpg,410
p_0058_600_1.jpg,710
p_0072_1200_0.jpg,1310
p_0059_400_0.jpg,510
p_0067_600_1.jpg,710
m_0059_900_1.jpg,-790
p_0020_1400_0.jpg,1510
p_0023_200_1.jpg,310
p_0047_400_1.jpg,510
p_0030_1200_0.jpg,1310
m_0087_900_0.jpg,-790
p_0092_1400_0.jpg,1510
p_0091_200_0.jpg,310
p_0007_400_0.jpg,510
p_0084_800_0.jpg,910
p_0070_450_0.jpg,560
p_0038_1100_1.jpg,1210
m_0086_70_0.jpg,40
m_0053_500_0.jpg,-390
m_0080_110_0.jpg,0
p_0041_150_0.jpg,260
p_0095_150_0.jpg,260
p_0066_1100_1.jpg,1210
p_0033_1100_1.jpg,1210
p_0057_1200_0.jpg,1310
p_0043_200_0.jpg,310
p_0008_900_1.jpg,1010
p_0041_200_1.jpg,310
m_0042_20_1.jpg,90
p_0102_600_0.jpg,710
p_0005_450_0.jpg,560
m_0028_290_0.jpg,-180
m_0076_980_0.jpg,-870
p_0092_1300_1.jpg,1410
m_0070_20_1.jpg,90
m_0065_980_0.jpg,-870
m_0032_350_1.jpg,-240
p_0002_300_0.jpg,410
p_0053_350_0.jpg,460
p_0008_600_0.jpg,710
m_0097_70_0.jpg,40
m_0042_900_0.jpg,-790
p_0055_800_1.jpg,910
m_0087_70_1.jpg,40
p_0002_450_1.jpg,560
p_0080_600_0.jpg,710
p_0075_500_1.jpg,610
p_0005_1400_0.jpg,1510
m_0087_980_1.jpg,-870
m_0092_980_0.jpg,-870
p_0040_900_0.jpg,1010
m_0069_900_1.jpg,-790
m_0062_600_0.jpg,-490
m_0050_70_0.jpg,40
m_0052_900_0.jpg,-790
p_0093_1000_0.jpg,1110
p_0083_300_0.jpg,410
p_0005_1300_0.jpg,1410
p_0010_450_0.jpg,560
p_0064_1200_0.jpg,1310
p_0054_1300_0.jpg,1410
m_0040_20_0.jpg,90
m_0016_980_0.jpg,-870
p_0008_450_0.jpg,560
p_0079_1000_1.jpg,1110
m_0005_230_0.jpg,-120
m_0090_290_1.jpg,-180
p_0015_600_0.jpg,710
p_0066_1200_0.jpg,1310
m_0028_110_0.jpg,0
p_0095_800_0.jpg,910
m_0047_70_0.jpg,40
m_0065_980_1.jpg,-870
p_0081_600_0.jpg,710
m_0068_980_0.jpg,-870
p_0101_1000_0.jpg,1110
m_0001_980_1.jpg,-870
p_0053_0_1.jpg,110
m_0056_980_0.jpg,-870
p_0105_450_0.jpg,560
m_0032_400_0.jpg,-290
p_0066_200_1.jpg,310
p_0016_350_0.jpg,460
p_0042_1300_1.jpg,1410
m_0081_400_0.jpg,-290
p_0012_0_0.jpg,110
m_0091_20_1.jpg,90
p_0035_1300_1.jpg,1410
p_0039_1100_0.jpg,1210
m_0005_980_0.jpg,-870
m_0055_230_0.jpg,-120
p_0094_1000_0.jpg,1110
m_0035_110_0.jpg,0
p_0016_0_1.jpg,110
p_0049_1300_0.jpg,1410
m_0070_980_1.jpg,-870
p_0060_600_1.jpg,710
m_0040_350_1.jpg,-240
m_0088_190_1.jpg,-80
p_0007_900_0.jpg,1010
p_0011_1300_0.jpg,1410
m_0022_1200_0.jpg,-1090
p_0013_200_1.jpg,310
p_0091_150_1.jpg,260
m_0030_20_0.jpg,90
p_0102_800_0.jpg,910
p_0019_900_0.jpg,1010
p_0105_1400_0.jpg,1510
p_0021_400_0.jpg,510
m_0043_900_1.jpg,-790
m_0085_700_1.jpg,-590
m_0043_980_0.jpg,-870
m_0019_980_0.jpg,-870
m_0024_70_0.jpg,40
p_0054_900_0.jpg,1010
p_0039_1400_1.jpg,1510
m_0006_700_1.jpg,-590
p_0045_450_0.jpg,560
m_0046_190_0.jpg,-80
p_0081_1100_0.jpg,1210
m_0042_550_0.jpg,-440
p_0051_1200_0.jpg,1310
p_0080_900_1.jpg,1010
p_0023_200_0.jpg,310
m_0038_290_1.jpg,-180
m_0025_290_0.jpg,-180
p_0075_1100_1.jpg,1210
p_0093_450_0.jpg,560
m_0014_980_0.jpg,-870
p_0016_350_1.jpg,460
m_0015_700_1.jpg,-590
m_0099_450_1.jpg,-340
p_0018_800_0.jpg,910
p_0001_1200_1.jpg,1310
m_0063_190_0.jpg,-80
m_0066_190_0.jpg,-80
m_0087_700_0.jpg,-590
m_0050_900_1.jpg,-790
p_0030_600_0.jpg,710
p_0010_1400_0.jpg,1510
m_0091_190_0.jpg,-80
p_0016_1200_1.jpg,1310
p_0014_1200_0.jpg,1310
p_0048_1300_0.jpg,1410
p_0082_400_1.jpg,510
m_0038_600_1.jpg,-490
p_0050_1200_1.jpg,1310
m_0013_900_1.jpg,-790
p_0010_350_0.jpg,460
m_0037_700_0.jpg,-590
p_0002_1100_0.jpg,1210
m_0095_70_0.jpg,40
p_0095_300_1.jpg,410
p_0047_100_1.jpg,210
p_0033_300_1.jpg,410
m_0008_600_1.jpg,-490
p_0012_100_1.jpg,210
m_0001_1400_0.jpg,-1290
m_0078_350_0.jpg,-240
m_0012_230_0.jpg,-120
m_0008_190_0.jpg,-80
m_0083_800_0.jpg,-690
p_0051_1400_1.jpg,1510
m_0102_980_0.jpg,-870
m_0049_70_1.jpg,40
m_0009_20_1.jpg,90
m_0061_700_1.jpg,-590
m_0055_980_1.jpg,-870
p_0027_450_1.jpg,560
p_0096_400_0.jpg,510
m_0036_700_1.jpg,-590
m_0033_980_1.jpg,-870
p_0036_200_1.jpg,310
m_0004_230_1.jpg,-120
m_0009_190_0.jpg,-80
p_0083_800_0.jpg,910
p_0078_200_1.jpg,310
p_0043_1000_0.jpg,1110
p_0074_800_0.jpg,910
p_0095_1400_0.jpg,1510
m_0070_350_0.jpg,-240
m_0031_500_0.jpg,-390
p_0097_100_1.jpg,210
m_0090_290_0.jpg,-180
m_0031_980_1.jpg,-870
m_0002_700_0.jpg,-590
m_0078_190_1.jpg,-80
m_0034_230_1.jpg,-120
p_0074_1000_0.jpg,1110
m_0011_110_0.jpg,0
m_0066_500_0.jpg,-390
m_0094_230_0.jpg,-120
m_0040_1200_0.jpg,-1090
m_0010_290_1.jpg,-180
m_0081_190_0.jpg,-80
p_0101_1200_0.jpg,1310
p_0076_1100_0.jpg,1210
m_0087_290_0.jpg,-180
p_0003_800_0.jpg,910
p_0039_800_0.jpg,910
p_0023_350_0.jpg,460
p_0025_0_0.jpg,110
m_0039_70_1.jpg,40
p_0043_600_1.jpg,710
m_0099_500_1.jpg,-390
p_0058_900_0.jpg,1010
m_0005_20_0.jpg,90
m_0034_230_0.jpg,-120
p_0075_300_1.jpg,410
p_0091_250_1.jpg,360
p_0028_0_0.jpg,110
m_0047_70_1.jpg,40
p_0051_1200_1.jpg,1310
p_0102_400_1.jpg,510
m_0013_980_1.jpg,-870
p_0006_800_1.jpg,910
m_0047_700_1.jpg,-590
m_0085_700_0.jpg,-590
m_0092_700_1.jpg,-590
p_0063_300_0.jpg,410
p_0052_1200_0.jpg,1310
m_0003_350_0.jpg,-240
p_0025_1100_1.jpg,1210
m_0005_980_1.jpg,-870
m_0084_900_1.jpg,-790
p_0045_800_0.jpg,910
p_0001_400_0.jpg,510
p_0056_250_1.jpg,360
p_0024_1000_1.jpg,1110
m_0015_700_0.jpg,-590
p_0045_150_0.jpg,260
p_0084_150_1.jpg,260
m_0065_230_0.jpg,-120
m_0013_900_0.jpg,-790
p_0027_100_1.jpg,210
m_0068_980_1.jpg,-870
p_0057_800_0.jpg,910
p_0103_600_1.jpg,710
p_0094_1300_0.jpg,1410
m_0016_800_0.jpg,-690
p_0006_600_0.jpg,710
p_0020_600_0.jpg,710
p_0021_150_1.jpg,260
p_0063_800_0.jpg,910
p_0054_600_0.jpg,710
p_0057_1400_0.jpg,1510
m_0027_70_0.jpg,40
m_0080_70_0.jpg,40
p_0088_350_1.jpg,460
p_0021_250_0.jpg,360
p_0087_900_1.jpg,1010
m_0075_230_0.jpg,-120
m_0063_20_0.jpg,90
m_0068_110_0.jpg,0
p_0014_500_0.jpg,610
m_0018_110_0.jpg,0
m_0040_450_0.jpg,-340
m_0097_70_1.jpg,40
p_0048_1400_0.jpg,1510
p_0043_450_0.jpg,560
m_0100_290_0.jpg,-180
p_0039_100_0.jpg,210
m_0079_350_1.jpg,-240
p_0080_1100_1.jpg,1210
m_0091_290_0.jpg,-180
p_0049_400_0.jpg,510
m_0032_980_0.jpg,-870
m_0080_700_0.jpg,-590
m_0022_900_0.jpg,-790
m_0018_980_0.jpg,-870
p_0056_0_1.jpg,110
m_0028_800_0.jpg,-690
p_0050_800_1.jpg,910
p_0023_350_1.jpg,460
p_0009_600_0.jpg,710
p_0032_100_1.jpg,210
p_0089_250_1.jpg,360
p_0070_400_1.jpg,510
p_0103_1100_0.jpg,1210
m_0090_110_0.jpg,0
p_0037_900_0.jpg,1010
p_0041_600_0.jpg,710
p_0085_300_1.jpg,410
p_0048_1100_1.jpg,1210
p_0063_1200_1.jpg,1310
p_0011_200_0.jpg,310
p_0039_250_0.jpg,360
p_0072_600_0.jpg,710
p_0017_100_0.jpg,210
p_0092_1100_0.jpg,1210
p_0088_1400_0.jpg,1510
p_0043_1300_0.jpg,1410
m_0027_980_1.jpg,-870
m_0035_1200_0.jpg,-1090
m_0092_230_0.jpg,-120
p_0085_1200_0.jpg,1310
m_0059_900_0.jpg,-790
p_0050_800_0.jpg,910
p_0076_800_0.jpg,910
p_0052_100_1.jpg,210
m_0023_110_0.jpg,0
m_0093_290_0.jpg,-180
m_0105_110_0.jpg,0
p_0036_1400_1.jpg,1510
p_0051_300_1.jpg,410
p_0082_900_0.jpg,1010
p_0082_900_1.jpg,1010
p_0077_600_1.jpg,710
p_0023_800_1.jpg,910
m_0010_230_0.jpg,-120
m_0027_900_0.jpg,-790
p_0003_1300_0.jpg,1410
m_0099_350_0.jpg,-240
m_0067_20_0.jpg,90
p_0063_0_1.jpg,110
m_0080_500_0.jpg,-390
p_0016_1400_1.jpg,1510
p_0049_100_0.jpg,210
m_0060_980_1.jpg,-870
m_0010_20_0.jpg,90
p_0033_350_0.jpg,460
m_0075_20_1.jpg,90
p_0072_350_0.jpg,460
p_0019_400_0.jpg,510
p_0103_1400_0.jpg,1510
p_0081_250_1.jpg,360
m_0068_550_1.jpg,-440
p_0043_1100_0.jpg,1210
m_0001_110_0.jpg,0
p_0021_1200_1.jpg,1310
p_0052_800_0.jpg,910
m_0025_700_1.jpg,-590
p_0093_1200_1.jpg,1310
p_0095_600_0.jpg,710
m_0086_70_1.jpg,40
m_0005_1200_1.jpg,-1090
m_0105_800_0.jpg,-690
m_0050_500_0.jpg,-390
p_0103_450_0.jpg,560
m_0003_500_0.jpg,-390
p_0079_400_0.jpg,510
p_0043_300_1.jpg,410
p_0031_900_0.jpg,1010
p_0051_0_0.jpg,110
m_0026_190_0.jpg,-80
p_0001_200_1.jpg,310
p_0008_1100_1.jpg,1210
m_0056_350_1.jpg,-240
p_0018_300_0.jpg,410
p_0076_900_0.jpg,1010
p_0004_1300_1.jpg,1410
p_0013_1200_1.jpg,1310
p_0066_100_0.jpg,210
p_0006_1100_0.jpg,1210
m_0079_900_1.jpg,-790
m_0034_110_1.jpg,0
p_0097_1100_0.jpg,1210
p_0051_800_1.jpg,910
p_0056_800_1.jpg,910
p_0032_900_0.jpg,1010
m_0047_20_1.jpg,90
p_0092_100_0.jpg,210
p_0088_1000_0.jpg,1110
m_0002_550_1.jpg,-440
p_0013_1400_0.jpg,1510
m_0070_290_0.jpg,-180
p_0019_400_1.jpg,510
p_0069_900_0.jpg,1010
p_0054_500_0.jpg,610
p_0081_1400_0.jpg,1510
p_0068_350_0.jpg,460
p_0083_200_0.jpg,310
m_0032_110_0.jpg,0
p_0033_450_0.jpg,560
m_0050_190_0.jpg,-80
m_0022_110_0.jpg,0
p_0096_100_0.jpg,210
p_0084_150_0.jpg,260
p_0089_900_0.jpg,1010
m_0088_700_1.jpg,-590
p_0026_1000_0.jpg,1110
p_0088_600_0.jpg,710
p_0014_1300_1.jpg,1410
m_0041_980_0.jpg,-870
m_0022_20_1.jpg,90
p_0068_1000_0.jpg,1110
m_0017_400_0.jpg,-290
p_0007_800_0.jpg,910
p_0086_150_1.jpg,260
m_0015_290_0.jpg,-180
p_0034_900_1.jpg,1010
m_0011_980_1.jpg,-870
p_0061_250_1.jpg,360
p_0003_1200_1.jpg,1310
m_0015_1200_0.jpg,-1090
p_0103_1200_1.jpg,1310
p_0047_500_0.jpg,610
p_0010_600_0.jpg,710
p_0104_100_0.jpg,210
p_0043_300_0.jpg,410
m_0051_190_0.jpg,-80
p_0011_1200_0.jpg,1310
m_0087_110_1.jpg,0
m_0089_20_1.jpg,90
m_0086_980_0.jpg,-870
p_0032_800_0.jpg,910
m_0005_110_1.jpg,0
p_0019_1100_0.jpg,1210
p_0061_1200_0.jpg,1310
m_0030_980_0.jpg,-870
p_0056_300_0.jpg,410
m_0102_20_0.jpg,90
m_0011_500_0.jpg,-390
m_0100_700_0.jpg,-590
p_0031_1300_0.jpg,1410
p_0099_250_1.jpg,360
p_0036_1100_0.jpg,1210
p_0018_350_1.jpg,460
p_0057_400_1.jpg,510
m_0084_20_0.jpg,90
p_0066_200_0.jpg,310
p_0038_1300_0.jpg,1410
p_0054_1200_0.jpg,1310
p_0011_400_0.jpg,510
p_0100_600_1.jpg,710
m_0077_980_0.jpg,-870
m_0012_400_0.jpg,-290
m_0045_20_0.jpg,90
m_0040_110_0.jpg,0
m_0053_500_1.jpg,-390
m_0076_500_0.jpg,-390
p_0105_1300_1.jpg,1410
p_0060_1100_1.jpg,1210
p_0081_450_0.jpg,560
p_0099_1000_1.jpg,1110
m_0015_500_0.jpg,-390
p_0032_100_0.jpg,210
p_0090_450_0.jpg,560
m_0089_900_1.jpg,-790
p_0106_1000_0.jpg,1110
m_0050_900_0.jpg,-790
m_0097_20_1.jpg,90
p_0066_1000_0.jpg,1110
m_0107_700_0.jpg,-590
m_0021_110_0.jpg,0
p_0016_400_0.jpg,510
m_0093_600_0.jpg,-490
p_0075_1300_1.jpg,1410
p_0055_1200_0.jpg,1310
m_0075_290_0.jpg,-180
p_0030_900_1.jpg,1010
p_0089_1300_0.jpg,1410
p_0053_300_1.jpg,410
p_0038_800_0.jpg,910
p_0037_1300_0.jpg,1410
p_0084_400_1.jpg,510
p_0049_900_0.jpg,1010
p_0070_300_0.jpg,410
p_0039_1000_1.jpg,1110
p_0060_450_0.jpg,560
m_0006_290_0.jpg,-180
m_0058_190_0.jpg,-80
p_0097_900_1.jpg,1010
m_0060_350_1.jpg,-240
p_0030_600_1.jpg,710
p_0063_600_0.jpg,710
p_0016_600_0.jpg,710
p_0027_900_1.jpg,1010
m_0078_550_1.jpg,-440
p_0081_400_0.jpg,510
p_0071_1200_0.jpg,1310
p_0073_0_0.jpg,110
m_0010_800_0.jpg,-690
m_0017_700_0.jpg,-590
p_0022_1300_0.jpg,1410
p_0069_600_0.jpg,710
p_0029_1400_0.jpg,1510
p_0021_800_1.jpg,910
p_0007_600_1.jpg,710
m_0070_980_0.jpg,-870
m_0085_290_1.jpg,-180
p_0050_150_0.jpg,260
p_0099_500_0.jpg,610
m_0069_900_0.jpg,-790
p_0099_900_0.jpg,1010
p_0041_900_0.jpg,1010
m_0083_550_1.jpg,-440
m_0088_500_0.jpg,-390
p_0033_1200_0.jpg,1310
m_0014_230_0.jpg,-120
p_0102_1300_1.jpg,1410
m_0102_700_0.jpg,-590
p_0047_1400_0.jpg,1510
p_0022_450_1.jpg,560
m_0037_110_0.jpg,0
p_0021_150_0.jpg,260
p_0029_900_1.jpg,1010
p_0015_500_1.jpg,610
p_0048_1000_0.jpg,1110
m_0024_20_0.jpg,90
m_0068_900_0.jpg,-790
p_0027_100_0.jpg,210
p_0068_300_0.jpg,410
p_0029_400_0.jpg,510
p_0011_1100_1.jpg,1210
p_0042_400_1.jpg,510
p_0103_150_0.jpg,260
m_0064_70_0.jpg,40
m_0043_900_0.jpg,-790
m_0052_980_1.jpg,-870
p_0064_900_0.jpg,1010
p_0087_1200_0.jpg,1310
p_0035_1400_0.jpg,1510
p_0044_250_0.jpg,360
p_0098_1200_1.jpg,1310
p_0056_200_1.jpg,310
p_0086_900_0.jpg,1010
p_0001_50_1.jpg,160
p_0031_800_1.jpg,910
m_0063_190_1.jpg,-80
p_0097_200_0.jpg,310
p_0080_1200_0.jpg,1310
p_0073_1400_0.jpg,1510
m_0055_450_0.jpg,-340
p_0044_900_0.jpg,1010
p_0100_1100_0.jpg,1210
m_0038_190_0.jpg,-80
p_0088_1200_0.jpg,1310
p_0005_50_1.jpg,160
m_0081_980_1.jpg,-870
p_0049_600_0.jpg,710
p_0043_350_0.jpg,460
m_0036_800_0.jpg,-690
m_0073_70_0.jpg,40
p_0059_1000_0.jpg,1110
p_0075_1100_0.jpg,1210
m_0030_1200_0.jpg,-1090
m_0050_700_1.jpg,-590
m_0014_20_0.jpg,90
p_0016_100_0.jpg,210
p_0052_900_0.jpg,1010
m_0021_290_0.jpg,-180
p_0026_900_0.jpg,1010
p_0008_800_0.jpg,910
m_0086_500_0.jpg,-390
p_0009_400_0.jpg,510
m_0041_900_0.jpg,-790
p_0045_1200_1.jpg,1310
p_0065_1300_0.jpg,1410
p_0095_350_0.jpg,460
p_0030_800_0.jpg,910
m_0104_230_0.jpg,-120
p_0034_900_0.jpg,1010
p_0073_450_0.jpg,560
m_0075_20_0.jpg,90
m_0103_190_0.jpg,-80
p_0020_350_0.jpg,460
m_0072_980_0.jpg,-870
p_0099_1300_1.jpg,1410
p_0072_500_0.jpg,610
p_0091_1100_0.jpg,1210
p_0083_1400_0.jpg,1510
p_0022_400_1.jpg,510
p_0039_500_0.jpg,610
m_0040_700_1.jpg,-590
m_0058_500_0.jpg,-390
m_0032_600_0.jpg,-490
m_0007_700_1.jpg,-590
m_0050_450_0.jpg,-340
p_0055_1400_0.jpg,1510
m_0057_980_1.jpg,-870
p_0013_600_1.jpg,710
p_0014_900_0.jpg,1010
p_0065_350_0.jpg,460
m_0043_20_0.jpg,90
p_0037_600_1.jpg,710
p_0004_1100_0.jpg,1210
p_0038_250_0.jpg,360
m_0063_350_0.jpg,-240
m_0094_900_1.jpg,-790
p_0090_300_0.jpg,410
m_0085_980_0.jpg,-870
p_0058_450_0.jpg,560
m_0103_450_0.jpg,-340
p_0058_300_1.jpg,410
p_0040_350_0.jpg,460
m_0082_230_0.jpg,-120
p_0087_800_0.jpg,910
m_0020_1200_0.jpg,-1090
p_0082_600_0.jpg,710
m_0064_500_1.jpg,-390
p_0071_450_0.jpg,560
m_0073_20_0.jpg,90
p_0049_1200_0.jpg,1310
p_0051_900_0.jpg,1010
m_0045_800_1.jpg,-690
m_0002_980_0.jpg,-870
m_0051_290_0.jpg,-180
p_0054_1000_1.jpg,1110
p_0031_1400_1.jpg,1510
p_0092_400_1.jpg,510
p_0089_1400_1.jpg,1510
p_0019_900_1.jpg,1010
p_0060_1100_0.jpg,1210
p_0044_400_0.jpg,510
p_0031_600_0.jpg,710
p_0093_800_0.jpg,910
p_0030_500_0.jpg,610
p_0034_500_0.jpg,610
p_0070_900_0.jpg,1010
p_0025_1300_0.jpg,1410
p_0083_200_1.jpg,310
m_0105_290_0.jpg,-180
m_0019_900_1.jpg,-790
p_0071_1400_0.jpg,1510
m_0068_600_0.jpg,-490
m_0053_350_0.jpg,-240
p_0100_1400_0.jpg,1510
p_0002_1300_0.jpg,1410
m_0095_700_0.jpg,-590
p_0107_900_1.jpg,1010
m_0051_980_0.jpg,-870
m_0077_110_0.jpg,0
m_0034_110_0.jpg,0
p_0037_1200_0.jpg,1310
m_0072_900_1.jpg,-790
m_0067_350_0.jpg,-240
m_0007_600_1.jpg,-490
m_0044_900_0.jpg,-790
p_0056_450_1.jpg,560
m_0054_500_1.jpg,-390
m_0095_290_0.jpg,-180
p_0107_900_0.jpg,1010
m_0052_70_0.jpg,40
m_0040_800_0.jpg,-690
p_0050_300_0.jpg,410
p_0105_800_0.jpg,910
m_0031_190_0.jpg,-80
m_0069_230_0.jpg,-120
p_0023_0_1.jpg,110
p_0075_900_0.jpg,1010
m_0101_190_0.jpg,-80
p_0071_0_1.jpg,110
p_0076_600_0.jpg,710
p_0049_1400_0.jpg,1510
m_0060_70_0.jpg,40
p_0031_150_1.jpg,260
m_0050_550_0.jpg,-440
m_0077_980_1.jpg,-870
p_0035_1200_0.jpg,1310
p_0084_1200_0.jpg,1310
p_0052_1400_0.jpg,1510
p_0059_1100_0.jpg,1210
p_0088_200_0.jpg,310
p_0046_1400_1.jpg,1510
p_0039_1300_0.jpg,1410
p_0043_350_1.jpg,460
p_0076_1000_0.jpg,1110
m_0033_190_1.jpg,-80
p_0101_1400_1.jpg,1510
p_0099_800_0.jpg,910
m_0105_700_0.jpg,-590
p_0045_1400_0.jpg,1510
p_0086_1000_0.jpg,1110
m_0042_110_1.jpg,0
p_0001_1200_0.jpg,1310
p_0068_200_0.jpg,310
p_0069_1400_1.jpg,1510
p_0105_1200_1.jpg,1310
m_0075_700_1.jpg,-590
m_0065_800_0.jpg,-690
p_0049_250_0.jpg,360
p_0085_1300_0.jpg,1410
m_0061_230_1.jpg,-120
p_0105_600_1.jpg,710
m_0037_70_1.jpg,40
p_0065_800_0.jpg,910
m_0026_230_1.jpg,-120
p_0055_100_0.jpg,210
m_0040 - Copy_400_1.jpg,-290
m_0053_190_1.jpg,-80
p_0058_0_1.jpg,110
m_0074_400_0.jpg,-290
m_0041_700_1.jpg,-590
m_0020_70_0.jpg,40
p_0015_900_1.jpg,1010
m_0087_350_1.jpg,-240
p_0058_150_0.jpg,260
p_0100_300_0.jpg,410
p_0099_300_0.jpg,410
p_0044_1300_0.jpg,1410
p_0088_800_0.jpg,910
p_0104_250_0.jpg,360
m_0067_600_1.jpg,-490
m_0097_700_1.jpg,-590
p_0045_900_1.jpg,1010
p_0026_1400_0.jpg,1510
p_0011_600_0.jpg,710
p_0023_1400_0.jpg,1510
p_0003_800_1.jpg,910
p_0067_500_0.jpg,610
m_0086_190_0.jpg,-80
m_0083_190_1.jpg,-80
p_0021_1200_0.jpg,1310
m_0048_500_1.jpg,-390
p_0054_1300_1.jpg,1410
m_0104_700_0.jpg,-590
p_0046_300_1.jpg,410
m_0033_500_1.jpg,-390
p_0101_1100_1.jpg,1210
m_0097_900_0.jpg,-790
p_0024_250_0.jpg,360
p_0090_1200_0.jpg,1310
m_0035_290_1.jpg,-180
p_0020_1100_0.jpg,1210
p_0034_1300_1.jpg,1410
m_0072_550_1.jpg,-440
p_0001_250_0.jpg,360
m_0019_230_1.jpg,-120
m_0097_110_0.jpg,0
p_0053_800_1.jpg,910
p_0041_400_0.jpg,510
p_0055_1100_1.jpg,1210
m_0002_20_0.jpg,90
p_0048_600_0.jpg,710
p_0078_300_0.jpg,410
p_0070_800_0.jpg,910
p_0076_400_0.jpg,510
p_0065_800_1.jpg,910
m_0045_20_1.jpg,90
p_0024_1000_0.jpg,1110
m_0087_980_0.jpg,-870
p_0083_350_0.jpg,460
m_0036_700_0.jpg,-590
p_0035_900_0.jpg,1010
m_0067_550_1.jpg,-440
m_0104_980_0.jpg,-870
m_0022_350_0.jpg,-240
p_0052_600_0.jpg,710
m_0080_190_0.jpg,-80
p_0009_0_1.jpg,110
m_0015_190_0.jpg,-80
p_0008_300_0.jpg,410
p_0099_0_0.jpg,110
m_0100_230_0.jpg,-120
p_0060_1200_0.jpg,1310
p_0035_500_1.jpg,610
p_0033_200_1.jpg,310
p_0072_600_1.jpg,710
p_0102_1400_0.jpg,1510
p_0103_800_1.jpg,910
p_0084_1400_0.jpg,1510
m_0066_400_0.jpg,-290
m_0004_70_0.jpg,40
p_0085_900_1.jpg,1010
p_0062_800_0.jpg,910
p_0039_1200_0.jpg,1310
p_0006_50_0.jpg,160
m_0016_800_1.jpg,-690
p_0085_300_0.jpg,410
p_0010_1200_0.jpg,1310
p_0009_150_1.jpg,260
p_0056_350_1.jpg,460
m_0077_600_1.jpg,-490
p_0105_1200_0.jpg,1310
p_0104_1300_0.jpg,1410
p_0077_500_0.jpg,610
p_0005_1200_0.jpg,1310
p_0031_1100_0.jpg,1210
p_0044_250_1.jpg,360
p_0068_150_0.jpg,260
m_0014_900_1.jpg,-790
m_0072_700_1.jpg,-590
p_0080_250_0.jpg,360
p_0002_1200_0.jpg,1310
m_0027_700_1.jpg,-590
p_0027_1400_0.jpg,1510
m_0105_980_0.jpg,-870
m_0007_70_0.jpg,40
m_0004_1400_0.jpg,-1290
p_0096_600_0.jpg,710
m_0005_350_0.jpg,-240
p_0095_1300_0.jpg,1410
p_0022_450_0.jpg,560
p_0006_150_1.jpg,260
m_0082_20_0.jpg,90
p_0058_800_0.jpg,910
p_0023_0_0.jpg,110
p_0071_1400_1.jpg,1510
m_0077_600_0.jpg,-490
m_0072_110_1.jpg,0
p_0084_500_0.jpg,610
p_0035_150_0.jpg,260
p_0083_600_0.jpg,710
m_0081_350_0.jpg,-240
p_0078_600_0.jpg,710
p_0035_350_0.jpg,460
p_0089_250_0.jpg,360
p_0039_1400_0.jpg,1510
m_0095_20_0.jpg,90
p_0005_1200_1.jpg,1310
p_0056_150_1.jpg,260
m_0036_230_0.jpg,-120
p_0085_600_0.jpg,710
p_0045_1300_1.jpg,1410
p_0078_600_1.jpg,710
p_0004_50_0.jpg,160
p_0064_1300_1.jpg,1410
p_0002_900_1.jpg,1010
m_0082_110_0.jpg,0
p_0026_800_0.jpg,910
p_0104_1200_0.jpg,1310
p_0015_1400_0.jpg,1510
p_0026_150_0.jpg,260
p_0032_900_1.jpg,1010
p_0011_900_0.jpg,1010
p_0044_1000_0.jpg,1110
m_0090_350_1.jpg,-240
m_0012_20_0.jpg,90
p_0071_250_0.jpg,360
m_0045_290_1.jpg,-180
p_0078_0_1.jpg,110
m_0103_600_1.jpg,-490
p_0023_150_0.jpg,260
p_0011_350_0.jpg,460
p_0069_1000_0.jpg,1110
m_0092_350_1.jpg,-240
p_0056_1200_0.jpg,1310
p_0063_1100_1.jpg,1210
p_0014_1300_0.jpg,1410
p_0019_500_0.jpg,610
p_0029_600_0.jpg,710
p_0096_900_0.jpg,1010
m_0065_290_0.jpg,-180
m_0006_980_0.jpg,-870
m_0008_290_0.jpg,-180
p_0062_300_0.jpg,410
p_0015_900_0.jpg,1010
m_0036_500_1.jpg,-390
m_0002_900_1.jpg,-790
p_0037_500_0.jpg,610
p_0082_1300_0.jpg,1410
p_0040_200_0.jpg,310
p_0091_1100_1.jpg,1210
m_0102_350_0.jpg,-240
m_0042_980_0.jpg,-870
p_0041_200_0.jpg,310
m_0103_980_0.jpg,-870
p_0072_100_1.jpg,210
m_0081_400_1.jpg,-290
m_0078_70_1.jpg,40
m_0055_980_0.jpg,-870
p_0009_800_0.jpg,910
m_0066_980_1.jpg,-870
p_0003_200_1.jpg,310
p_0041_1200_1.jpg,1310
p_0062_1200_0.jpg,1310
p_0058_1100_0.jpg,1210
p_0021_1000_0.jpg,1110
p_0038_300_1.jpg,410
p_0081_800_1.jpg,910
m_0073_980_1.jpg,-870
p_0083_1200_1.jpg,1310
p_0018_1000_0.jpg,1110
m_0096_290_0.jpg,-180
p_0053_150_0.jpg,260
p_0088_900_0.jpg,1010
m_0025_290_1.jpg,-180
m_0025_110_0.jpg,0
p_0043_150_0.jpg,260
m_0087_110_0.jpg,0
m_0026_700_0.jpg,-590
m_0061_900_0.jpg,-790
p_0083_600_1.jpg,710
p_0061_900_0.jpg,1010
p_0069_1300_1.jpg,1410
p_0042_1300_0.jpg,1410
m_0035_70_0.jpg,40
m_0102_230_0.jpg,-120
p_0019_1300_1.jpg,1410
p_0055_600_0.jpg,710
m_0038_550_0.jpg,-440
m_0080_450_1.jpg,-340
m_0009_900_0.jpg,-790
m_0060_190_1.jpg,-80
m_0010_1400_1.jpg,-1290
m_0062_20_0.jpg,90
p_0013_300_1.jpg,410
m_0014_400_1.jpg,-290
m_0092_980_1.jpg,-870
m_0035_980_1.jpg,-870
p_0010_1000_1.jpg,1110
p_0009_1000_0.jpg,1110
m_0035_20_0.jpg,90
p_0083_900_0.jpg,1010
m_0043_190_0.jpg,-80
m_0032_230_0.jpg,-120
m_0078_550_0.jpg,-440
p_0029_0_1.jpg,110
p_0033_200_0.jpg,310
p_0061_150_0.jpg,260
p_0051_200_0.jpg,310
m_0022_700_1.jpg,-590
p_0084_600_0.jpg,710
p_0012_1400_0.jpg,1510
m_0048_500_0.jpg,-390
p_0008_350_0.jpg,460
p_0034_1400_0.jpg,1510
m_0081_500_0.jpg,-390
p_0106_400_0.jpg,510
m_0075_70_0.jpg,40
p_0104_100_1.jpg,210
p_0051_1100_0.jpg,1210
m_0026_800_1.jpg,-690
p_0100_450_0.jpg,560
p_0016_250_0.jpg,360
m_0042_70_0.jpg,40
p_0016_1300_0.jpg,1410
m_0028_190_0.jpg,-80
m_0077_900_1.jpg,-790
p_0022_800_0.jpg,910
m_0082_700_1.jpg,-590
p_0021_800_0.jpg,910
m_0017_600_1.jpg,-490
p_0030_1100_0.jpg,1210
p_0046_200_1.jpg,310
m_0057_980_0.jpg,-870
m_0015_230_0.jpg,-120
p_0042_600_0.jpg,710
p_0090_800_0.jpg,910
p_0072_400_0.jpg,510
m_0067_700_1.jpg,-590
m_0057_900_1.jpg,-790
p_0098_800_0.jpg,910
p_0061_150_1.jpg,260
p_0074_250_1.jpg,360
p_0025_600_0.jpg,710
p_0076_1100_1.jpg,1210
m_0079_110_0.jpg,0
m_0093_980_0.jpg,-870
p_0063_1400_0.jpg,1510
p_0009_1300_0.jpg,1410
m_0088_20_0.jpg,90
m_0026_230_0.jpg,-120
p_0045_1100_1.jpg,1210
p_0086_250_1.jpg,360
p_0097_1400_0.jpg,1510
m_0084_900_0.jpg,-790
p_0097_500_0.jpg,610
p_0089_100_0.jpg,210
p_0034_800_0.jpg,910
m_0050_980_1.jpg,-870
p_0097_350_0.jpg,460
m_0086_350_0.jpg,-240
m_0061_230_0.jpg,-120
p_0062_900_0.jpg,1010
m_0096_980_1.jpg,-870
m_0016_700_1.jpg,-590
p_0068_800_0.jpg,910
p_0026_1200_1.jpg,1310
p_0073_350_1.jpg,460
m_0045_190_0.jpg,-80
p_0089_1000_0.jpg,1110
p_0027_600_1.jpg,710
m_0041_290_0.jpg,-180
p_0053_1400_0.jpg,1510
p_0040_800_0.jpg,910
m_0100_980_1.jpg,-870
m_0067_900_0.jpg,-790
m_0045_900_0.jpg,-790
p_0040_150_0.jpg,260
m_0088_980_1.jpg,-870
p_0017_300_0.jpg,410
m_0032_1200_1.jpg,-1090
p_0020_600_1.jpg,710
m_0021_900_0.jpg,-790
p_0086_1400_1.jpg,1510
p_0010_1300_0.jpg,1410
p_0008_300_1.jpg,410
p_0059_1300_1.jpg,1410
m_0022_350_1.jpg,-240
p_0068_800_1.jpg,910
m_0040_1200_1.jpg,-1090
p_0086_450_1.jpg,560
m_0029_70_1.jpg,40
p_0006_1200_0.jpg,1310
p_0026_600_0.jpg,710
p_0072_300_0.jpg,410
m_0083_20_0.jpg,90
m_0071_980_0.jpg,-870
m_0057_230_0.jpg,-120
m_0063_290_0.jpg,-180
m_0062_20_1.jpg,90
p_0076_1200_1.jpg,1310
p_0078_350_1.jpg,460
m_0025_980_0.jpg,-870
m_0037_980_1.jpg,-870
m_0093_350_0.jpg,-240
m_0004_980_0.jpg,-870
p_0040_500_1.jpg,610
p_0043_900_0.jpg,1010
p_0038_500_1.jpg,610
m_0035_450_0.jpg,-340
p_0019_600_0.jpg,710
p_0018_1100_0.jpg,1210
m_0053_980_0.jpg,-870
p_0020_1200_1.jpg,1310
m_0087_350_0.jpg,-240
p_0048_800_0.jpg,910
p_0095_1200_0.jpg,1310
m_0011_700_0.jpg,-590
p_0045_600_0.jpg,710
m_0085_20_1.jpg,90
p_0012_1300_1.jpg,1410
m_0011_190_0.jpg,-80
m_0046_800_1.jpg,-690
p_0085_900_0.jpg,1010
m_0054_230_0.jpg,-120
m_0071_500_0.jpg,-390
p_0051_600_0.jpg,710
p_0055_150_0.jpg,260
p_0058_1400_1.jpg,1510
m_0032_900_1.jpg,-790
p_0077_800_0.jpg,910
p_0083_800_1.jpg,910
p_0103_600_0.jpg,710
m_0037_700_1.jpg,-590
p_0004_1400_0.jpg,1510
m_0079_290_0.jpg,-180
p_0050_900_1.jpg,1010
m_0026_900_0.jpg,-790
p_0040_900_1.jpg,1010
p_0048_150_0.jpg,260
m_0077_550_0.jpg,-440
m_0086_350_1.jpg,-240
m_0065_350_0.jpg,-240
m_0074_230_0.jpg,-120
m_0104_230_1.jpg,-120
p_0074_1300_0.jpg,1410
m_0070_290_1.jpg,-180
m_0027_230_0.jpg,-120
m_0015_450_0.jpg,-340
p_0040_1300_1.jpg,1410
p_0036_450_1.jpg,560
p_0083_1100_0.jpg,1210
p_0100_1200_1.jpg,1310
p_0046_200_0.jpg,310
m_0023_190_1.jpg,-80
p_0002_400_1.jpg,510
p_0036_150_0.jpg,260
p_0035_1300_0.jpg,1410
p_0063_1400_1.jpg,1510
m_0058_980_0.jpg,-870
m_0045_700_0.jpg,-590
p_0060_1300_0.jpg,1410
p_0073_800_0.jpg,910
p_0104_250_1.jpg,360
p_0063_450_0.jpg,560
p_0078_1400_1.jpg,1510
m_0019_70_1.jpg,40
p_0091_1400_0.jpg,1510
m_0013_980_0.jpg,-870
m_0084_980_0.jpg,-870
p_0003_1400_0.jpg,1510
p_0043_250_0.jpg,360
m_0051_400_0.jpg,-290
m_0027_70_1.jpg,40
p_0066_250_0.jpg,360
p_0082_1200_0.jpg,1310
p_0006_900_0.jpg,1010
p_0011_1100_0.jpg,1210
p_0099_1400_0.jpg,1510
p_0094_1000_1.jpg,1110
p_0052_1100_0.jpg,1210
p_0022_1400_0.jpg,1510
m_0027_700_0.jpg,-590
m_0025_980_1.jpg,-870
p_0049_1000_0.jpg,1110
p_0056_250_0.jpg,360
m_0047_350_1.jpg,-240
p_0003_900_1.jpg,1010
m_0038_290_0.jpg,-180
p_0080_600_1.jpg,710
m_0094_900_0.jpg,-790
p_0076_1200_0.jpg,1310
m_0020_400_1.jpg,-290
m_0080_230_0.jpg,-120
m_0083_980_1.jpg,-870
p_0053_200_0.jpg,310
p_0065_900_1.jpg,1010
p_0076_150_0.jpg,260
p_0061_1100_1.jpg,1210
m_0050_110_0.jpg,0
p_0057_900_1.jpg,1010
p_0021_450_0.jpg,560
p_0074_900_0.jpg,1010
p_0041_1400_1.jpg,1510
p_0065_600_1.jpg,710
m_0089_20_0.jpg,90
m_0070_700_0.jpg,-590
m_0064_500_0.jpg,-390
p_0083_0_0.jpg,110
p_0040_1100_0.jpg,1210
p_0013_800_0.jpg,910
p_0025_800_1.jpg,910
m_0085_230_0.jpg,-120
m_0097_350_0.jpg,-240
m_0056_190_0.jpg,-80
p_0046_300_0.jpg,410
m_0078_110_0.jpg,0
m_0049_70_0.jpg,40
p_0046_800_0.jpg,910
m_0050_190_1.jpg,-80
p_0053_1100_0.jpg,1210
m_0007_230_1.jpg,-120
p_0096_1300_0.jpg,1410
m_0021_980_0.jpg,-870
p_0028_800_1.jpg,910
m_0010_700_0.jpg,-590
m_0035_700_1.jpg,-590
m_0078_190_0.jpg,-80
m_0032_800_0.jpg,-690
m_0021_700_1.jpg,-590
p_0025_500_1.jpg,610
p_0070_600_0.jpg,710
p_0064_250_0.jpg,360
p_0088_350_0.jpg,460
m_0015_20_0.jpg,90
p_0100_1300_0.jpg,1410
p_0008_1200_0.jpg,1310
p_0047_1200_0.jpg,1310
p_0046_800_1.jpg,910
p_0012_0_1.jpg,110
p_0065_1100_0.jpg,1210
p_0101_1300_0.jpg,1410
m_0034_20_1.jpg,90
p_0068_600_1.jpg,710
m_0017_230_0.jpg,-120
p_0028_1100_1.jpg,1210
m_0010_110_1.jpg,0
p_0062_350_0.jpg,460
p_0065_450_0.jpg,560
m_0070_350_1.jpg,-240
m_0035_980_0.jpg,-870
m_0062_980_1.jpg,-870
m_0001_190_0.jpg,-80
p_0039_600_0.jpg,710
p_0087_600_0.jpg,710
m_0032_70_1.jpg,40
p_0038_0_1.jpg,110
m_0078_70_0.jpg,40
m_0100_110_0.jpg,0
p_0047_250_0.jpg,360
p_0059_1200_0.jpg,1310
m_0024_70_1.jpg,40
m_0029_350_1.jpg,-240
p_0040_600_0.jpg,710
p_0035_1200_1.jpg,1310
m_0022_550_0.jpg,-440
m_0085_800_0.jpg,-690
p_0091_1300_0.jpg,1410
m_0004_1200_1.jpg,-1090
m_0089_980_0.jpg,-870
m_0067_110_0.jpg,0
m_0061_350_1.jpg,-240
m_0020_980_0.jpg,-870
m_0066_980_0.jpg,-870
p_0073_200_1.jpg,310
p_0070_600_1.jpg,710
p_0076_450_0.jpg,560
p_0001_900_0.jpg,1010
p_0035_1100_0.jpg,1210
p_0009_150_0.jpg,260
m_0059_70_0.jpg,40
m_0027_110_1.jpg,0
m_0056_400_0.jpg,-290
p_0013_600_0.jpg,710
m_0007_550_0.jpg,-440
p_0007_500_0.jpg,610
p_0051_300_0.jpg,410
p_0062_1300_1.jpg,1410
p_0070_400_0.jpg,510
p_0020_800_1.jpg,910
p_0087_300_0.jpg,410
p_0081_800_0.jpg,910
p_0051_0_1.jpg,110
p_0071_900_0.jpg,1010
m_0091_700_0.jpg,-590
m_0042_1200_0.jpg,-1090
p_0094_800_0.jpg,910
p_0073_300_0.jpg,410
p_0091_800_1.jpg,910
p_0065_1000_0.jpg,1110
m_0010_290_0.jpg,-180
p_0002_500_0.jpg,610
p_0074_150_0.jpg,260
p_0027_900_0.jpg,1010
p_0086_250_0.jpg,360
p_0096_450_0.jpg,560
p_0023_1100_1.jpg,1210
p_0057_1300_0.jpg,1410
m_0005_290_0.jpg,-180
m_0034_70_0.jpg,40
m_0088_980_0.jpg,-870
p_0036_0_0.jpg,110
p_0003_0_0.jpg,110
m_0079_70_0.jpg,40
p_0028_450_1.jpg,560
m_0054_450_0.jpg,-340
p_0084_100_1.jpg,210
m_0077_70_1.jpg,40
m_0092_700_0.jpg,-590
m_0019_230_0.jpg,-120
p_0011_1200_1.jpg,1310
p_0078_1100_1.jpg,1210
m_0008_190_1.jpg,-80
p_0079_600_0.jpg,710
p_0018_1200_0.jpg,1310
p_0027_450_0.jpg,560
m_0072_230_0.jpg,-120
p_0007_1100_0.jpg,1210
m_0030_980_1.jpg,-870
p_0036_1200_0.jpg,1310
p_0077_600_0.jpg,710
p_0081_200_0.jpg,310
p_0014_1100_0.jpg,1210
m_0035_290_0.jpg,-180
p_0028_1100_0.jpg,1210
m_0054_500_0.jpg,-390
p_0022_1200_0.jpg,1310
p_0069_250_0.jpg,360
p_0105_900_0.jpg,1010
m_0028_980_0.jpg,-870
m_0025_110_1.jpg,0
m_0086_700_0.jpg,-590
m_0027_600_0.jpg,-490
p_0073_1300_0.jpg,1410
p_0031_1000_0.jpg,1110
m_0100_190_1.jpg,-80
p_0002_400_0.jpg,510
m_0054_900_1.jpg,-790
p_0032_500_0.jpg,610
p_0075_450_0.jpg,560
p_0076_0_0.jpg,110
p_0084_1000_1.jpg,1110
p_0077_900_0.jpg,1010
p_0084_1300_0.jpg,1410
m_0102_700_1.jpg,-590
m_0012_1200_1.jpg,-1090
p_0069_1200_0.jpg,1310
m_0038_980_0.jpg,-870
p_0098_1100_1.jpg,1210
p_0093_600_0.jpg,710
p_0088_1200_1.jpg,1310
p_0061_600_0.jpg,710
p_0045_1300_0.jpg,1410
p_0019_150_1.jpg,260
p_0085_600_1.jpg,710
p_0104_1400_0.jpg,1510
p_0005_1100_1.jpg,1210
p_0071_250_1.jpg,360
p_0100_500_0.jpg,610
m_0042_70_1.jpg,40
p_0031_250_1.jpg,360
m_0009_230_0.jpg,-120
m_0030_110_0.jpg,0
m_0099_230_1.jpg,-120
p_0018_0_1.jpg,110
p_0102_450_1.jpg,560
m_0079_290_1.jpg,-180
m_0069_70_0.jpg,40
p_0086_0_1.jpg,110
m_0050_700_0.jpg,-590
p_0089_600_0.jpg,710
p_0030_900_0.jpg,1010
p_0066_800_0.jpg,910
p_0041_450_0.jpg,560
p_0029_1000_1.jpg,1110
p_0038_1400_1.jpg,1510
p_0079_1200_0.jpg,1310
p_0006_150_0.jpg,260
p_0099_1100_0.jpg,1210
p_0077_1300_1.jpg,1410
m_0069_70_1.jpg,40
p_0029_1200_0.jpg,1310
p_0038_450_0.jpg,560
m_0094_20_1.jpg,90
m_0055_700_1.jpg,-590
p_0051_150_1.jpg,260
p_0024_1400_0.jpg,1510
p_0093_200_0.jpg,310
p_0027_600_0.jpg,710
p_0099_600_0.jpg,710
m_0087_600_1.jpg,-490
m_0032_980_1.jpg,-870
m_0087_700_1.jpg,-590
p_0084_1100_0.jpg,1210
p_0045_350_0.jpg,460
p_0043_1400_1.jpg,1510
m_0015_190_1.jpg,-80
m_0052_230_0.jpg,-120
p_0100_300_1.jpg,410
p_0046_0_1.jpg,110
m_0085_190_0.jpg,-80
p_0088_1400_1.jpg,1510
p_0079_1300_1.jpg,1410
m_0032_1200_0.jpg,-1090
m_0070_70_0.jpg,40
p_0105_300_0.jpg,410
p_0079_100_1.jpg,210
p_0048_200_0.jpg,310
m_0062_350_1.jpg,-240
m_0014_900_0.jpg,-790
m_0002_600_0.jpg,-490
p_0048_350_0.jpg,460
m_0042_20_0.jpg,90
m_0010_1400_0.jpg,-1290
p_0051_1100_1.jpg,1210
p_0059_800_0.jpg,910
p_0032_1300_1.jpg,1410
p_0003_450_0.jpg,560
m_0089_70_1.jpg,40
p_0099_1200_0.jpg,1310
m_0017_600_0.jpg,-490
p_0077_1200_0.jpg,1310
p_0022_400_0.jpg,510
m_0042_110_0.jpg,0
p_0029_1100_0.jpg,1210
p_0089_1200_0.jpg,1310
p_0077_100_1.jpg,210
p_0004_150_1.jpg,260
m_0007_20_1.jpg,90
m_0012_1200_0.jpg,-1090
m_0051_700_1.jpg,-590
m_0036_190_0.jpg,-80
m_0017_20_1.jpg,90
p_0060_200_0.jpg,310
m_0045_700_1.jpg,-590
p_0038_1200_0.jpg,1310
m_0063_500_0.jpg,-390
p_0044_1100_0.jpg,1210
p_0007_300_0.jpg,410
m_0004_20_0.jpg,90
p_0037_1400_0.jpg,1510
m_0013_110_0.jpg,0
p_0030_1300_1.jpg,1410
p_0020_1200_0.jpg,1310
p_0056_1000_0.jpg,1110
m_0042_350_1.jpg,-240
p_0022_600_1.jpg,710
m_0041_980_1.jpg,-870
p_0058_300_0.jpg,410
m_0090_190_1.jpg,-80
p_0038_900_0.jpg,1010
m_0042_980_1.jpg,-870
m_0007_980_1.jpg,-870
m_0007_1400_0.jpg,-1290
p_0033_350_1.jpg,460
m_0075_190_1.jpg,-80
p_0001_250_1.jpg,360
m_0018_290_0.jpg,-180
p_0081_200_1.jpg,310
p_0051_250_0.jpg,360
p_0068_0_1.jpg,110
p_0060_100_1.jpg,210
p_0073_1200_1.jpg,1310
m_0025_70_0.jpg,40
m_0092_600_0.jpg,-490
p_0059_250_0.jpg,360
m_0050_290_0.jpg,-180
p_0023_600_1.jpg,710
m_0095_230_0.jpg,-120
m_0006_190_0.jpg,-80
p_0096_0_0.jpg,110
p_0072_400_1.jpg,510
m_0045_350_1.jpg,-240
m_0029_900_0.jpg,-790
m_0032_700_1.jpg,-590
p_0036_250_0.jpg,360
p_0093_800_1.jpg,910
p_0046_150_0.jpg,260
p_0007_100_0.jpg,210
m_0058_20_0.jpg,90
p_0063_350_1.jpg,460
p_0062_400_1.jpg,510
m_0055_290_1.jpg,-180
p_0015_600_1.jpg,710
m_0071_290_0.jpg,-180
p_0069_900_1.jpg,1010
p_0074_150_1.jpg,260
m_0057_700_1.jpg,-590
m_0012_70_1.jpg,40
m_0080_20_1.jpg,90
p_0090_350_0.jpg,460
p_0096_1400_0.jpg,1510
p_0092_100_1.jpg,210
p_0061_450_1.jpg,560
m_0023_350_0.jpg,-240
p_0006_450_0.jpg,560
m_0012_700_1.jpg,-590
p_0030_0_0.jpg,110
p_0016_800_1.jpg,910
m_0017_1200_1.jpg,-1090
p_0092_350_0.jpg,460
m_0068_290_0.jpg,-180
p_0105_500_1.jpg,610
p_0026_1300_0.jpg,1410
m_0059_230_0.jpg,-120
p_0078_900_0.jpg,1010
p_0097_300_0.jpg,410
p_0051_400_0.jpg,510
p_0101_450_1.jpg,560
m_0001_980_0.jpg,-870
p_0036_800_0.jpg,910
p_0018_300_1.jpg,410
p_0091_1400_1.jpg,1510
m_0052_20_0.jpg,90
m_0035_500_0.jpg,-390
m_0017_20_0.jpg,90
m_0022_700_0.jpg,-590
p_0034_250_1.jpg,360
p_0096_1100_1.jpg,1210
p_0073_1400_1.jpg,1510
m_0098_70_0.jpg,40
m_0014_230_1.jpg,-120
m_0032_20_1.jpg,90
p_0089_1300_1.jpg,1410
m_0075_290_1.jpg,-180
m_0072_600_0.jpg,-490
p_0023_1300_0.jpg,1410
m_0090_70_0.jpg,40
p_0086_1400_0.jpg,1510
p_0070_500_1.jpg,610
m_0009_1400_1.jpg,-1290
m_0058_800_0.jpg,-690
p_0067_600_0.jpg,710
m_0045_70_0.jpg,40
m_0009_400_1.jpg,-290
m_0067_980_0.jpg,-870
p_0055_500_1.jpg,610
p_0066_1400_1.jpg,1510
p_0086_600_0.jpg,710
p_0069_100_0.jpg,210
p_0014_1400_0.jpg,1510
p_0068_450_0.jpg,560
m_0033_500_0.jpg,-390
p_0053_450_0.jpg,560
m_0046_230_1.jpg,-120
p_0036_300_1.jpg,410
m_0032_550_1.jpg,-440
p_0092_300_0.jpg,410
p_0037_1100_0.jpg,1210
p_0021_100_0.jpg,210
m_0092_20_1.jpg,90
p_0016_1100_1.jpg,1210
p_0048_300_0.jpg,410
m_0070_20_0.jpg,90
m_0012_980_1.jpg,-870
m_0066_290_0.jpg,-180
p_0098_1100_0.jpg,1210
p_0102_400_0.jpg,510
p_0070_1300_1.jpg,1410
p_0080_450_0.jpg,560
m_0042_350_0.jpg,-240
m_0054_980_0.jpg,-870
p_0026_450_0.jpg,560
m_0075_110_0.jpg,0
m_0065_20_0.jpg,90
m_0068_800_0.jpg,-690
p_0087_900_0.jpg,1010
m_0020_700_0.jpg,-590
p_0082_1400_0.jpg,1510
m_0063_290_1.jpg,-180
p_0102_1200_0.jpg,1310
p_0005_900_1.jpg,1010
p_0035_1100_1.jpg,1210
m_0097_110_1.jpg,0
m_0064_230_1.jpg,-120
p_0050_600_1.jpg,710
p_0018_1300_0.jpg,1410
m_0098_190_0.jpg,-80
p_0054_1400_0.jpg,1510
p_0096_450_1.jpg,560
m_0042_900_1.jpg,-790
p_0076_1400_1.jpg,1510
m_0020_350_0.jpg,-240
m_0052_600_0.jpg,-490
m_0085_290_0.jpg,-180
p_0067_900_1.jpg,1010
p_0100_150_0.jpg,260
p_0041_250_0.jpg,360
p_0013_350_1.jpg,460
m_0064_70_1.jpg,40
m_0020_290_1.jpg,-180
p_0083_1200_0.jpg,1310
m_0089_70_0.jpg,40
m_0020_20_0.jpg,90
m_0032_400_1.jpg,-290
p_0028_200_1.jpg,310
p_0104_500_0.jpg,610
m_0012_900_0.jpg,-790
m_0045_290_0.jpg,-180
p_0017_900_1.jpg,1010
p_0104_800_0.jpg,910
m_0014_70_1.jpg,40
m_0052_70_1.jpg,40
p_0061_800_0.jpg,910
p_0035_200_0.jpg,310
p_0074_100_0.jpg,210
m_0070_190_0.jpg,-80
m_0064_900_0.jpg,-790
p_0041_1100_0.jpg,1210
p_0088_300_0.jpg,410
p_0014_150_0.jpg,260
p_0054_1000_0.jpg,1110
p_0005_800_0.jpg,910
p_0105_300_1.jpg,410
m_0075_700_0.jpg,-590
m_0062_700_1.jpg,-590
p_0046_1400_0.jpg,1510
m_0060_290_0.jpg,-180
p_0074_250_0.jpg,360
p_0002_450_0.jpg,560
p_0072_900_0.jpg,1010
p_0071_100_0.jpg,210
m_0065_190_1.jpg,-80
m_0017_70_1.jpg,40
m_0056_980_1.jpg,-870
p_0101_200_0.jpg,310
m_0026_980_1.jpg,-870
m_0040_110_1.jpg,0
m_0077_700_0.jpg,-590
m_0015_110_0.jpg,0
m_0067_900_1.jpg,-790
m_0009_20_0.jpg,90
m_0001_700_0.jpg,-590
m_0083_600_1.jpg,-490
m_0033_980_0.jpg,-870
p_0009_1400_1.jpg,1510
p_0028_600_0.jpg,710
m_0013_190_1.jpg,-80
p_0004_1000_0.jpg,1110
p_0028_300_1.jpg,410
p_0049_1400_1.jpg,1510
p_0075_500_0.jpg,610
p_0074_1400_1.jpg,1510
p_0092_900_1.jpg,1010
p_0086_450_0.jpg,560
m_0017_550_0.jpg,-440
m_0075_500_1.jpg,-390
p_0079_1300_0.jpg,1410
p_0102_350_0.jpg,460
m_0009_800_1.jpg,-690
m_0039_20_0.jpg,90
m_0091_700_1.jpg,-590
m_0015_290_1.jpg,-180
m_0068_600_1.jpg,-490
p_0001_800_1.jpg,910
m_0032_70_0.jpg,40
p_0030_800_1.jpg,910
p_0070_1100_0.jpg,1210
p_0077_400_1.jpg,510
m_0032_900_0.jpg,-790
p_0095_200_0.jpg,310
p_0011_150_0.jpg,260
m_0020_980_1.jpg,-870
p_0005_1100_0.jpg,1210
m_0016_450_0.jpg,-340
p_0041_1400_0.jpg,1510
p_0019_1000_1.jpg,1110
p_0096_800_0.jpg,910
m_0102_600_0.jpg,-490
m_0010_980_0.jpg,-870
m_0093_110_0.jpg,0
p_0092_600_0.jpg,710
p_0051_1400_0.jpg,1510
m_0006_700_0.jpg,-590
m_0048_800_0.jpg,-690
p_0061_200_0.jpg,310
p_0034_600_0.jpg,710
p_0079_150_0.jpg,260
p_0057_600_1.jpg,710
m_0076_700_0.jpg,-590
p_0016_900_0.jpg,1010
m_0080_900_1.jpg,-790
m_0017_900_0.jpg,-790
p_0050_1300_0.jpg,1410
m_0056_800_0.jpg,-690
p_0036_1200_1.jpg,1310
m_0002_1400_1.jpg,-1290
p_0080_1400_0.jpg,1510
m_0080_20_0.jpg,90
m_0098_980_1.jpg,-870
p_0006_0_1.jpg,110
m_0022_230_0.jpg,-120
p_0036_1400_0.jpg,1510
m_0095_800_1.jpg,-690
m_0098_800_0.jpg,-690
p_0004_50_1.jpg,160
m_0028_980_1.jpg,-870
m_0030_290_0.jpg,-180
m_0050_230_0.jpg,-120
m_0056_800_1.jpg,-690
m_0003_1400_0.jpg,-1290
p_0042_100_1.jpg,210
m_0096_900_0.jpg,-790
m_0048_110_0.jpg,0
p_0100_350_1.jpg,460
m_0074_230_1.jpg,-120
m_0072_70_1.jpg,40
p_0080_300_1.jpg,410
m_0038_600_0.jpg,-490
p_0017_600_1.jpg,710
p_0099_0_1.jpg,110
p_0067_900_0.jpg,1010
m_0023_290_0.jpg,-180
p_0057_1300_1.jpg,1410
m_0095_350_0.jpg,-240
p_0048_1200_0.jpg,1310
m_0083_350_0.jpg,-240
m_0076_700_1.jpg,-590
m_0099_900_0.jpg,-790
p_0004_400_0.jpg,510
p_0038_1000_0.jpg,1110
m_0107_20_1.jpg,90
m_0067_20_1.jpg,90
p_0104_1300_1.jpg,1410
p_0034_1400_1.jpg,1510
p_0036_200_0.jpg,310
p_0046_0_0.jpg,110
p_0079_800_0.jpg,910
p_0077_400_0.jpg,510
p_0074_1300_1.jpg,1410
m_0005_290_1.jpg,-180
m_0092_110_1.jpg,0
m_0075_500_0.jpg,-390
m_0004_1200_0.jpg,-1090
p_0044_400_1.jpg,510
p_0044_100_0.jpg,210
p_0090_250_0.jpg,360
p_0081_450_1.jpg,560
m_0098_600_0.jpg,-490
p_0012_1100_0.jpg,1210
p_0098_600_1.jpg,710
m_0053_800_0.jpg,-690
m_0012_980_0.jpg,-870
p_0003_50_0.jpg,160
p_0057_400_0.jpg,510
p_0018_600_0.jpg,710
p_0031_1100_1.jpg,1210
p_0055_500_0.jpg,610
m_0105_980_1.jpg,-870
m_0060_800_1.jpg,-690
m_0043_190_1.jpg,-80
p_0024_600_0.jpg,710
p_0046_900_0.jpg,1010
m_0087_900_1.jpg,-790
p_0038_0_0.jpg,110
p_0081_1200_0.jpg,1310
p_0016_0_0.jpg,110
p_0008_900_0.jpg,1010
m_0057_20_0.jpg,90
p_0089_400_1.jpg,510
p_0078_1200_0.jpg,1310
p_0031_200_0.jpg,310
p_0028_800_0.jpg,910
m_0057_20_1.jpg,90
m_0033_290_1.jpg,-180
p_0004_600_0.jpg,710
p_0097_400_1.jpg,510
m_0009_230_1.jpg,-120
p_0047_600_0.jpg,710
p_0063_600_1.jpg,710
p_0044_1300_1.jpg,1410
p_0090_900_0.jpg,1010
p_0072_1300_1.jpg,1410
m_0093_550_0.jpg,-440
p_0062_100_1.jpg,210
p_0104_900_0.jpg,1010
p_0071_800_0.jpg,910
p_0103_200_1.jpg,310
p_0034_250_0.jpg,360
p_0018_900_0.jpg,1010
p_0066_450_1.jpg,560
p_0091_250_0.jpg,360
p_0068_300_1.jpg,410
p_0025_900_1.jpg,1010
m_0098_190_1.jpg,-80
m_0098_290_0.jpg,-180
p_0076_200_1.jpg,310
p_0011_0_0.jpg,110
p_0046_1000_0.jpg,1110
m_0051_230_0.jpg,-120
p_0069_150_1.jpg,260
p_0032_1400_0.jpg,1510
p_0066_450_0.jpg,560
p_0067_1300_0.jpg,1410
p_0070_1200_1.jpg,1310
p_0010_1000_0.jpg,1110
m_0105_70_0.jpg,40
m_0102 - Copy_350_0.jpg,-240
p_0083_1300_0.jpg,1410
p_0036_400_0.jpg,510
p_0053_900_0.jpg,1010
p_0091_1200_0.jpg,1310
p_0055_800_0.jpg,910
p_0075_1300_0.jpg,1410
m_0100_700_1.jpg,-590
m_0098_500_0.jpg,-390
p_0023_300_0.jpg,410
m_0025_350_0.jpg,-240
m_0040_290_0.jpg,-180
p_0013_1300_0.jpg,1410
m_0046_290_0.jpg,-180
m_0061_350_0.jpg,-240
p_0050_450_0.jpg,560
m_0072_900_0.jpg,-790
m_0025_450_0.jpg,-340
m_0056_400_1.jpg,-290
m_0025_900_1.jpg,-790
m_0051_230_1.jpg,-120
p_0018_1400_1.jpg,1510
p_0035_800_0.jpg,910
m_0050_350_1.jpg,-240
m_0025_1200_1.jpg,-1090
m_0090_450_0.jpg,-340
m_0037_350_1.jpg,-240
m_0042_600_1.jpg,-490
p_0033_300_0.jpg,410
p_0013_900_0.jpg,1010
p_0035_900_1.jpg,1010
p_0028_1400_1.jpg,1510
m_0083_550_0.jpg,-440
m_0008_980_0.jpg,-870
p_0090_350_1.jpg,460
p_0042_900_1.jpg,1010
p_0016_800_0.jpg,910
p_0015_800_0.jpg,910
m_0078_290_0.jpg,-180
p_0060_100_0.jpg,210
m_0036_450_0.jpg,-340
p_0051_450_0.jpg,560
p_0099_250_0.jpg,360
m_0105_700_1.jpg,-590
p_0087_200_0.jpg,310
p_0098_1200_0.jpg,1310
m_0035_350_0.jpg,-240
p_0010_600_1.jpg,710
p_0106_800_1.jpg,910
p_0001_1300_0.jpg,1410
m_0036_230_1.jpg,-120
p_0011_450_0.jpg,560
p_0027_500_0.jpg,610
p_0056_300_1.jpg,410
p_0048_900_0.jpg,1010
p_0018_1200_1.jpg,1310
p_0091_0_1.jpg,110
m_0074_980_0.jpg,-870
m_0097_230_0.jpg,-120
p_0066_1100_0.jpg,1210
p_0079_1400_0.jpg,1510
p_0040_1400_0.jpg,1510
p_0017_100_1.jpg,210
m_0089_230_0.jpg,-120
p_0094_400_1.jpg,510
p_0085_1300_1.jpg,1410
p_0013_1100_1.jpg,1210
p_0046_600_0.jpg,710
p_0082_400_0.jpg,510
p_0084_1300_1.jpg,1410
p_0024_1200_0.jpg,1310
p_0025_1100_0.jpg,1210
p_0096_250_1.jpg,360
p_0061_1400_1.jpg,1510
p_0091_1000_0.jpg,1110
m_0027_20_1.jpg,90
p_0047_100_0.jpg,210
p_0046_450_1.jpg,560
m_0103_350_0.jpg,-240
m_0067_700_0.jpg,-590
m_0067_350_1.jpg,-240
p_0012_1200_0.jpg,1310
p_0067_350_0.jpg,460
m_0092_110_0.jpg,0
p_0106_450_0.jpg,560
m_0015_70_0.jpg,40
p_0035_800_1.jpg,910
m_0100_70_0.jpg,40
m_0080_980_0.jpg,-870
p_0053_350_1.jpg,460
m_0097_980_1.jpg,-870
p_0070_500_0.jpg,610
m_0039_980_0.jpg,-870
p_0060_1400_0.jpg,1510
m_0017_350_1.jpg,-240
p_0090_1100_1.jpg,1210
p_0013_800_1.jpg,910
p_0041_1000_0.jpg,1110
m_0037_980_0.jpg,-870
p_0068_1300_0.jpg,1410
m_0039_350_0.jpg,-240
p_0018_1400_0.jpg,1510
p_0069_1000_1.jpg,1110
p_0048_350_1.jpg,460
p_0020_500_0.jpg,610
p_0032_1300_0.jpg,1410
p_0069_400_0.jpg,510
p_0071_800_1.jpg,910
m_0055_110_0.jpg,0
p_0067_1300_1.jpg,1410
p_0042_800_0.jpg,910
m_0082_900_0.jpg,-790
m_0097_700_0.jpg,-590
m_0001_290_0.jpg,-180
m_0060_980_0.jpg,-870
p_0045_500_1.jpg,610
m_0024_230_0.jpg,-120
p_0071_450_1.jpg,560
p_0046_450_0.jpg,560
p_0092_1300_0.jpg,1410
p_0058_600_0.jpg,710
p_0103_1300_0.jpg,1410
p_0057_500_0.jpg,610
m_0030_450_0.jpg,-340
m_0069_110_0.jpg,0
p_0102_600_1.jpg,710
p_0005_800_1.jpg,910
p_0020_1100_1.jpg,1210
m_0020_110_1.jpg,0
p_0073_800_1.jpg,910
m_0007_700_0.jpg,-590
p_0086_1200_0.jpg,1310
m_0029_350_0.jpg,-240
p_0085_800_0.jpg,910
p_0033_800_1.jpg,910
p_0050_0_0.jpg,110
p_0061_1100_0.jpg,1210
m_0063_980_0.jpg,-870
p_0018_200_1.jpg,310
p_0015_1100_0.jpg,1210
p_0091_800_0.jpg,910
m_0021_500_0.jpg,-390
p_0017_1300_0.jpg,1410
p_0101_450_0.jpg,560
p_0073_200_0.jpg,310
p_0041_150_1.jpg,260
p_0059_500_0.jpg,610
p_0069_1100_0.jpg,1210
p_0049_800_0.jpg,910
m_0004_230_0.jpg,-120
p_0050_600_0.jpg,710
p_0076_200_0.jpg,310
p_0071_600_0.jpg,710
m_0032_800_1.jpg,-690
p_0030_1100_1.jpg,1210
m_0040_700_0.jpg,-590
m_0032_600_1.jpg,-490
m_0016_700_0.jpg,-590
p_0038_1100_0.jpg,1210
m_0046_110_0.jpg,0
m_0075_350_0.jpg,-240
m_0034_20_0.jpg,90
m_0017_1200_0.jpg,-1090
p_0025_300_0.jpg,410
p_0064_800_0.jpg,910
m_0055_550_0.jpg,-440
m_0068_550_0.jpg,-440
p_0068_350_1.jpg,460
p_0064_400_0.jpg,510
p_0064_1400_0.jpg,1510
m_0096_190_0.jpg,-80
m_0067_70_0.jpg,40
m_0034_980_0.jpg,-870
p_0060_500_1.jpg,610
m_0048_20_0.jpg,90
p_0051_100_0.jpg,210
p_0098_800_1.jpg,910
p_0092_600_1.jpg,710
p_0050_1200_0.jpg,1310
m_0100_20_0.jpg,90
m_0067_70_1.jpg,40
p_0088_300_1.jpg,410
p_0088_200_1.jpg,310
p_0015_1200_0.jpg,1310
p_0041_250_1.jpg,360
p_0037_900_1.jpg,1010
m_0004_1400_1.jpg,-1290
p_0038_800_1.jpg,910
m_0018_190_0.jpg,-80
p_0063_300_1.jpg,410
m_0078_980_0.jpg,-870
m_0037_110_1.jpg,0
m_0075_350_1.jpg,-240
p_0009_100_0.jpg,210
p_0062_900_1.jpg,1010
p_0010_200_0.jpg,310
p_0022_100_1.jpg,210
p_0084_100_0.jpg,210
m_0070_700_1.jpg,-590
m_0083_900_0.jpg,-790
m_0093_980_1.jpg,-870
m_0069_230_1.jpg,-120
m_0025_20_0.jpg,90
m_0007_1200_0.jpg,-1090
p_0028_1300_0.jpg,1410
p_0067_300_0.jpg,410
p_0075_300_0.jpg,410
m_0045_110_0.jpg,0
p_0067_400_0.jpg,510
p_0024_400_1.jpg,510
p_0010_1100_0.jpg,1210
p_0071_150_1.jpg,260
m_0068_500_0.jpg,-390
p_0071_150_0.jpg,260
m_0099_350_1.jpg,-240
p_0019_1000_0.jpg,1110
p_0099_1000_0.jpg,1110
m_0053_20_0.jpg,90
p_0064_1000_0.jpg,1110
m_0070_800_0.jpg,-690
m_0072_600_1.jpg,-490
p_0004_1000_1.jpg,1110
p_0097_900_0.jpg,1010
p_0102_500_0.jpg,610
p_0014_250_1.jpg,360
m_0040 - Copy_400_0.jpg,-290
p_0017_1100_0.jpg,1210
p_0086_1100_0.jpg,1210
p_0033_1100_0.jpg,1210
m_0099_20_1.jpg,90
m_0073_290_0.jpg,-180
m_0069_980_0.jpg,-870
m_0076_450_0.jpg,-340
m_0050_800_1.jpg,-690
p_0048_800_1.jpg,910
m_0029_230_1.jpg,-120
p_0046_1100_1.jpg,1210
p_0070_1400_0.jpg,1510
p_0074_1400_0.jpg,1510
p_0032_1200_0.jpg,1310
m_0042_600_0.jpg,-490
p_0105_600_0.jpg,710
p_0017_1400_0.jpg,1510
m_0082_70_1.jpg,40
p_0041_0_0.jpg,110
p_0063_1100_0.jpg,1210
p_0061_0_1.jpg,110
p_0062_200_0.jpg,310
m_0038_500_0.jpg,-390
p_0006_350_1.jpg,460
m_0077_110_1.jpg,0
p_0012_400_0.jpg,510
p_0097_400_0.jpg,510
m_0075_190_0.jpg,-80
p_0033_600_1.jpg,710
p_0042_1400_0.jpg,1510
p_0097_800_0.jpg,910
p_0011_150_1.jpg,260
p_0096_0_1.jpg,110
p_0022_300_0.jpg,410
p_0092_400_0.jpg,510
m_0082_900_1.jpg,-790
p_0070_1300_0.jpg,1410
p_0010_300_0.jpg,410
m_0002_20_1.jpg,90
p_0094_900_0.jpg,1010
p_0017_500_0.jpg,610
m_0092_70_1.jpg,40
p_0097_1300_1.jpg,1410
p_0074_400_0.jpg,510
m_0030_900_0.jpg,-790
p_0037_1300_1.jpg,1410
p_0012_400_1.jpg,510
m_0007_110_0.jpg,0
m_0079_70_1.jpg,40
p_0037_100_0.jpg,210
m_0080_450_0.jpg,-340
p_0061_800_1.jpg,910
m_0103_290_1.jpg,-180
p_0031_150_0.jpg,260
m_0052_980_0.jpg,-870
m_0050_980_0.jpg,-870
p_0059_900_0.jpg,1010
p_0004_1200_0.jpg,1310
p_0066_900_0.jpg,1010
m_0098_450_1.jpg,-340
m_0092_600_1.jpg,-490
p_0087_1300_0.jpg,1410
m_0007_20_0.jpg,90
p_0097_100_0.jpg,210
m_0060_290_1.jpg,-180
p_0068_0_0.jpg,110
p_0074_500_0.jpg,610
m_0083_290_0.jpg,-180
p_0054_250_1.jpg,360
m_0017_550_1.jpg,-440
p_0045_500_0.jpg,610
p_0052_1300_0.jpg,1410
p_0071_1000_0.jpg,1110
p_0101_250_0.jpg,360
m_0022_980_1.jpg,-870
m_0082_700_0.jpg,-590
m_0102_20_1.jpg,90
p_0033_1300_0.jpg,1410
m_0043_350_0.jpg,-240
p_0041_1200_0.jpg,1310
p_0055_600_1.jpg,710
p_0091_600_0.jpg,710
p_0060_1200_1.jpg,1310
p_0028_1200_0.jpg,1310
p_0016_1400_0.jpg,1510
m_0100_190_0.jpg,-80
m_0076_980_1.jpg,-870
p_0063_800_1.jpg,910
m_0028_190_1.jpg,-80
m_0055_500_0.jpg,-390
p_0018_350_0.jpg,460
p_0086_150_0.jpg,260
p_0006_250_1.jpg,360
p_0019_800_0.jpg,910
m_0101_980_0.jpg,-870
p_0087_500_0.jpg,610
m_0045_980_1.jpg,-870
p_0089_400_0.jpg,510
m_0026_700_1.jpg,-590
p_0073_1200_0.jpg,1310
m_0037_400_1.jpg,-290
p_0060_900_1.jpg,1010
p_0087_1400_0.jpg,1510
p_0052_100_0.jpg,210
p_0016_150_0.jpg,260
m_0092_900_0.jpg,-790
p_0023_1200_0.jpg,1310
m_0002_70_1.jpg,40
m_0053_110_0.jpg,0
m_0017_350_0.jpg,-240
p_0019_1300_0.jpg,1410
p_0072_200_0.jpg,310
p_0080_900_0.jpg,1010
p_0062_100_0.jpg,210
m_0080_900_0.jpg,-790
m_0082_980_0.jpg,-870
m_0071_700_1.jpg,-590
p_0103_1100_1.jpg,1210
m_0076_900_0.jpg,-790
m_0007_110_1.jpg,0
m_0102_350_1.jpg,-240
p_0070_1100_1.jpg,1210
p_0060_0_0.jpg,110
p_0100_350_0.jpg,460
p_0014_600_0.jpg,710
p_0027_1100_0.jpg,1210
m_0099_500_0.jpg,-390
m_0018_20_0.jpg,90
m_0068_350_0.jpg,-240
m_0046_230_0.jpg,-120
p_0078_800_1.jpg,910
p_0052_600_1.jpg,710
m_0103_600_0.jpg,-490
p_0078_1200_1.jpg,1310
p_0009_1000_1.jpg,1110
m_0011_980_0.jpg,-870
p_0042_1100_0.jpg,1210
p_0029_1300_0.jpg,1410
p_0083_150_0.jpg,260
p_0016_200_1.jpg,310
p_0078_1400_0.jpg,1510
m_0007_980_0.jpg,-870
p_0001_1000_0.jpg,1110
p_0017_800_0.jpg,910
p_0006_1000_0.jpg,1110
p_0064_100_0.jpg,210
p_0080_1100_0.jpg,1210
m_0052_700_0.jpg,-590
p_0076_1300_0.jpg,1410
m_0010_900_0.jpg,-790
m_0044_230_1.jpg,-120
p_0087_1100_0.jpg,1210
p_0036_150_1.jpg,260
m_0082_290_1.jpg,-180
p_0096_1200_0.jpg,1310
m_0083_600_0.jpg,-490
m_0003_190_1.jpg,-80
p_0007_600_0.jpg,710
m_0023_980_0.jpg,-870
m_0030_190_1.jpg,-80
p_0098_600_0.jpg,710
p_0075_1200_0.jpg,1310
m_0023_980_1.jpg,-870
m_0086_600_0.jpg,-490
p_0088_600_1.jpg,710
m_0057_550_0.jpg,-440
m_0060_800_0.jpg,-690
p_0037_600_0.jpg,710
m_0080_190_1.jpg,-80
p_0028_350_0.jpg,460
p_0022_1100_0.jpg,1210
p_0013_200_0.jpg,310
p_0011_450_1.jpg,560
m_0077_70_0.jpg,40
m_0014_70_0.jpg,40
p_0062_600_1.jpg,710
m_0059_980_0.jpg,-870
m_0006_1400_1.jpg,-1290
m_0060_700_1.jpg,-590
p_0093_1300_0.jpg,1410
p_0033_800_0.jpg,910
p_0009_1400_0.jpg,1510
p_0003_1100_0.jpg,1210
m_0010_1200_0.jpg,-1090
p_0020_900_0.jpg,1010
m_0060_20_1.jpg,90
p_0023_1200_1.jpg,1310
m_0093_900_0.jpg,-790
m_0030_500_0.jpg,-390
m_0018_190_1.jpg,-80
m_0076_20_0.jpg,90
p_0052_900_1.jpg,1010
p_0005_50_0.jpg,160
p_0028_900_0.jpg,1010
p_0036_1100_1.jpg,1210
m_0072_700_0.jpg,-590
p_0089_500_0.jpg,610
m_0016_500_0.jpg,-390
m_0051_980_1.jpg,-870
m_0057_700_0.jpg,-590
p_0031_450_1.jpg,560
p_0062_0_0.jpg,110
p_0060_150_0.jpg,260
m_0022_70_1.jpg,40
p_0003_600_1.jpg,710
m_0082_20_1.jpg,90
m_0060_350_0.jpg,-240
m_0092_20_0.jpg,90
p_0054_1100_0.jpg,1210
p_0007_100_1.jpg,210
p_0017_900_0.jpg,1010
p_0065_1300_1.jpg,1410
p_0029_500_0.jpg,610
m_0082_290_0.jpg,-180
m_0044_230_0.jpg,-120
m_0100_800_0.jpg,-690
m_0050_800_0.jpg,-690
p_0102_450_0.jpg,560
p_0079_1000_0.jpg,1110
p_0082_1100_0.jpg,1210
m_0009_1400_0.jpg,-1290
p_0003_450_1.jpg,560
m_0007_550_1.jpg,-440
m_0048_450_0.jpg,-340
m_0005_70_0.jpg,40
m_0058_110_0.jpg,0
m_0035_1200_1.jpg,-1090
p_0009_0_0.jpg,110
m_0021_230_1.jpg,-120
p_0098_200_1.jpg,310
m_0029_980_0.jpg,-870
m_0037_230_0.jpg,-120
m_0077_700_1.jpg,-590
m_0020_700_1.jpg,-590
m_0062_110_1.jpg,0
p_0095_450_0.jpg,560
p_0059_1400_1.jpg,1510
p_0047_400_0.jpg,510
m_0049_980_0.jpg,-870
m_0007_900_1.jpg,-790
m_0057_600_0.jpg,-490
p_0026_200_0.jpg,310
m_0017_700_1.jpg,-590
m_0036_500_0.jpg,-390
p_0047_1100_0.jpg,1210
p_0056_450_0.jpg,560
m_0072_350_1.jpg,-240
m_0033_190_0.jpg,-80
m_0065_700_0.jpg,-590
p_0094_100_0.jpg,210
m_0103_500_0.jpg,-390
m_0068_900_1.jpg,-790
p_0100_900_1.jpg,1010
p_0105_1300_0.jpg,1410
p_0014_1000_0.jpg,1110
m_0067_600_0.jpg,-490
p_0013_350_0.jpg,460
p_0046_1200_1.jpg,1310
m_0003_980_1.jpg,-870
p_0016_450_0.jpg,560
p_0028_300_0.jpg,410
p_0106_450_1.jpg,560
p_0062_1100_0.jpg,1210
p_0073_600_0.jpg,710
m_0058_350_0.jpg,-240
p_0093_1100_0.jpg,1210
m_0055_700_0.jpg,-590
p_0037_800_0.jpg,910
m_0056_290_0.jpg,-180
p_0014_100_0.jpg,210
p_0006_1300_0.jpg,1410
m_0033_350_0.jpg,-240
m_0090_980_0.jpg,-870
p_0031_250_0.jpg,360
p_0102_1000_1.jpg,1110
m_0101_400_1.jpg,-290
m_0078_800_0.jpg,-690
m_0046_980_1.jpg,-870
p_0101_250_1.jpg,360
p_0082_1300_1.jpg,1410
m_0069_110_1.jpg,0
m_0031_350_0.jpg,-240
p_0076_0_1.jpg,110
m_0098_350_0.jpg,-240
m_0098_110_0.jpg,0
m_0056_700_1.jpg,-590
p_0099_100_0.jpg,210
p_0030_1400_0.jpg,1510
m_0040_190_0.jpg,-80
m_0094_70_1.jpg,40
p_0005_500_1.jpg,610
p_0050_500_1.jpg,610
p_0095_600_1.jpg,710
p_0005_600_0.jpg,710
p_0086_1300_0.jpg,1410
p_0075_600_1.jpg,710
m_0103_980_1.jpg,-870
p_0060_600_0.jpg,710
p_0072_100_0.jpg,210
p_0029_1400_1.jpg,1510
p_0031_100_0.jpg,210
p_0001_450_1.jpg,560
p_0066_0_1.jpg,110
p_0073_1100_1.jpg,1210
p_0001_1400_1.jpg,1510
m_0062_230_0.jpg,-120
m_0037_1200_1.jpg,-1090
p_0015_1100_1.jpg,1210
p_0066_0_0.jpg,110
p_0056_1100_0.jpg,1210
m_0102_600_1.jpg,-490
m_0021_980_1.jpg,-870
p_0023_800_0.jpg,910
p_0015_800_1.jpg,910
m_0084_110_1.jpg,0
p_0069_250_1.jpg,360
m_0006_1400_0.jpg,-1290
m_0027_550_0.jpg,-440
p_0085_500_0.jpg,610
p_0033_1200_1.jpg,1310
m_0036_290_0.jpg,-180
p_0036_1000_0.jpg,1110
m_0007_900_0.jpg,-790
m_0012_350_1.jpg,-240
p_0029_250_1.jpg,360
p_0090_1200_1.jpg,1310
p_0094_250_0.jpg,360
m_0091_20_0.jpg,90
m_0043_500_0.jpg,-390
p_0078_0_0.jpg,110
p_0020_900_1.jpg,1010
m_0050_600_0.jpg,-490
m_0086_700_1.jpg,-590
p_0036_0_1.jpg,110
p_0063_0_0.jpg,110
p_0104_400_0.jpg,510
p_0066_150_1.jpg,260
m_0076_450_1.jpg,-340
m_0046_900_0.jpg,-790
m_0027_980_0.jpg,-870
p_0053_1300_0.jpg,1410
p_0012_900_0.jpg,1010
p_0101_400_0.jpg,510
m_0099_900_1.jpg,-790
p_0025_900_0.jpg,1010
m_0004_700_0.jpg,-590
p_0035_500_0.jpg,610
p_0078_1300_0.jpg,1410
m_0048_350_0.jpg,-240
m_0046_800_0.jpg,-690
p_0102_100_0.jpg,210
m_0060_700_0.jpg,-590
m_0016_190_0.jpg,-80
p_0050_1100_1.jpg,1210
p_0038_600_1.jpg,710
m_0080_500_1.jpg,-390
m_0008_1400_0.jpg,-1290
m_0100_70_1.jpg,40
m_0020_110_0.jpg,0
m_0084_70_0.jpg,40
m_0040_290_1.jpg,-180
m_0010_450_0.jpg,-340
p_0014_1000_1.jpg,1110
p_0014_0_1.jpg,110
m_0093_550_1.jpg,-440
m_0083_900_1.jpg,-790
p_0098_1400_0.jpg,1510
p_0060_300_0.jpg,410
m_0080_350_1.jpg,-240
m_0042_1200_1.jpg,-1090
p_0094_1300_1.jpg,1410
p_0071_1100_1.jpg,1210
p_0063_900_0.jpg,1010
m_0012_230_1.jpg,-120
p_0106_900_0.jpg,1010
p_0091_450_1.jpg,560
p_0081_1400_1.jpg,1510
p_0020_1300_0.jpg,1410
p_0038_300_0.jpg,410
p_0054_1400_1.jpg,1510
p_0049_1000_1.jpg,1110
m_0031_800_0.jpg,-690
p_0075_900_1.jpg,1010
p_0093_1400_0.jpg,1510
m_0032_550_0.jpg,-440
p_0045_900_0.jpg,1010
p_0068_1200_1.jpg,1310
p_0091_200_1.jpg,310
p_0029_100_0.jpg,210
p_0090_600_0.jpg,710
m_0031_800_1.jpg,-690
m_0085_190_1.jpg,-80
p_0047_0_0.jpg,110
p_0034_400_1.jpg,510
m_0054_70_0.jpg,40
p_0087_600_1.jpg,710
p_0078_300_1.jpg,410
p_0021_1300_0.jpg,1410
m_0030_350_0.jpg,-240
p_0072_1400_0.jpg,1510
m_0030_110_1.jpg,0
p_0018_0_0.jpg,110
m_0047_550_0.jpg,-440
m_0042_700_0.jpg,-590
m_0052_350_0.jpg,-240
m_0012_900_1.jpg,-790
p_0008_1000_0.jpg,1110
p_0093_900_0.jpg,1010
m_0009_70_1.jpg,40
p_0084_1400_1.jpg,1510
p_0013_250_0.jpg,360
p_0008_1100_0.jpg,1210
m_0050_20_1.jpg,90
m_0024_230_1.jpg,-120
m_0006_980_1.jpg,-870
p_0042_100_0.jpg,210
p_0072_1300_0.jpg,1410
p_0042_900_0.jpg,1010
p_0057_900_0.jpg,1010
p_0095_900_0.jpg,1010
m_0013_190_0.jpg,-80
m_0022_70_0.jpg,40
p_0046_1200_0.jpg,1310
p_0023_900_0.jpg,1010
p_0076_250_0.jpg,360
m_0037_20_1.jpg,90
m_0076_400_1.jpg,-290
m_0062_70_1.jpg,40
p_0036_1300_0.jpg,1410
p_0006_1400_1.jpg,1510
m_0004_70_1.jpg,40
p_0006_450_1.jpg,560
p_0029_1000_0.jpg,1110
p_0059_400_1.jpg,510
m_0031_350_1.jpg,-240
p_0056_800_0.jpg,910
m_0097_20_0.jpg,90
p_0048_300_1.jpg,410
m_0020_350_1.jpg,-240
m_0059_230_1.jpg,-120
m_0020_1200_1.jpg,-1090
m_0001_700_1.jpg,-590
p_0035_600_1.jpg,710
p_0098_1300_0.jpg,1410
p_0028_200_0.jpg,310
p_0025_350_0.jpg,460
p_0022_1300_1.jpg,1410
m_0056_230_1.jpg,-120
p_0041_1300_0.jpg,1410
m_0063_980_1.jpg,-870
p_0065_300_0.jpg,410
p_0050_1300_1.jpg,1410
p_0102_100_1.jpg,210
m_0097_400_0.jpg,-290
p_0066_1400_0.jpg,1510
p_0087_100_1.jpg,210
p_0040_450_0.jpg,560
p_0025_1400_0.jpg,1510
p_0007_50_0.jpg,160
p_0058_200_1.jpg,310
m_0103_70_0.jpg,40
p_0001_50_0.jpg,160
m_0018_980_1.jpg,-870
m_0085_20_0.jpg,90
m_0101_290_0.jpg,-180
m_0103_20_0.jpg,90
p_0090_1300_0.jpg,1410
p_0036_300_0.jpg,410
m_0031_700_1.jpg,-590
m_0090_700_1.jpg,-590
p_0008_250_0.jpg,360
p_0089_1000_1.jpg,1110
m_0024_20_1.jpg,90
p_0028_600_1.jpg,710
p_0053_1400_1.jpg,1510
p_0099_100_1.jpg,210
m_0030_70_0.jpg,40
p_0002_900_0.jpg,1010
p_0018_800_1.jpg,910
p_0006_100_0.jpg,210
p_0105_800_1.jpg,910
p_0033_1000_0.jpg,1110
p_0049_500_0.jpg,610
m_0025_900_0.jpg,-790
p_0094_1400_0.jpg,1510
m_0085_980_1.jpg,-870
