,Name,Diameter
0,150_d150_1_0.png,150
1,150_d150_1_1.png,150
2,150_d150_10_0.png,150
3,150_d150_10_1.png,150
4,150_d150_11_0.png,150
5,150_d150_11_1.png,150
6,150_d150_12_0.png,150
7,150_d150_12_1.png,150
8,150_d150_12_2.png,150
9,150_d150_13_0.png,150
10,150_d150_13_1.png,150
11,150_d150_14_0.png,150
12,150_d150_15_0.png,150
13,150_d150_15_1.png,150
14,150_d150_16_0.png,150
15,150_d150_16_1.png,150
16,150_d150_17_0.png,150
17,150_d150_17_1.png,150
18,150_d150_17_2.png,150
19,150_d150_18_0.png,150
20,150_d150_18_1.png,150
21,150_d150_19_0.png,150
22,150_d150_2_0.png,150
23,150_d150_2_1.png,150
24,150_d150_2_2.png,150
25,150_d150_20_0.png,150
26,150_d150_20_1.png,150
27,150_d150_21_0.png,150
28,150_d150_21_1.png,150
29,150_d150_21_2.png,150
30,150_d150_22_0.png,150
31,150_d150_22_1.png,150
32,150_d150_23_0.png,150
33,150_d150_24_0.png,150
34,150_d150_24_1.png,150
35,150_d150_25_0.png,150
36,150_d150_25_1.png,150
37,150_d150_25_2.png,150
38,150_d150_26_0.png,150
39,150_d150_26_1.png,150
40,150_d150_27_0.png,150
41,150_d150_27_1.png,150
42,150_d150_27_2.png,150
43,150_d150_28_0.png,150
44,150_d150_28_1.png,150
45,150_d150_29_0.png,150
46,150_d150_3_0.png,150
47,150_d150_3_1.png,150
48,150_d150_30_0.png,150
49,150_d150_30_1.png,150
50,150_d150_30_2.png,150
51,150_d150_31_0.png,150
52,150_d150_31_1.png,150
53,150_d150_32_0.png,150
54,150_d150_33_0.png,150
55,150_d150_33_1.png,150
56,150_d150_34_0.png,150
57,150_d150_34_1.png,150
58,150_d150_34_2.png,150
59,150_d150_35_0.png,150
60,150_d150_35_1.png,150
61,150_d150_36_0.png,150
62,150_d150_37_0.png,150
63,150_d150_37_1.png,150
64,150_d150_38_0.png,150
65,150_d150_38_1.png,150
66,150_d150_39_0.png,150
67,150_d150_39_1.png,150
68,150_d150_39_2.png,150
69,150_d150_4_0.png,150
70,150_d150_40_0.png,150
71,150_d150_40_1.png,150
72,150_d150_40_2.png,150
73,150_d150_41_0.png,150
74,150_d150_41_1.png,150
75,150_d150_42_0.png,150
76,150_d150_43_0.png,150
77,150_d150_43_1.png,150
78,150_d150_44_0.png,150
79,150_d150_44_1.png,150
80,150_d150_44_2.png,150
81,150_d150_45_0.png,150
82,150_d150_45_1.png,150
83,150_d150_46_0.png,150
84,150_d150_47_0.png,150
85,150_d150_47_1.png,150
86,150_d150_47_2.png,150
87,150_d150_48_0.png,150
88,150_d150_48_1.png,150
89,150_d150_49_0.png,150
90,150_d150_5_0.png,150
91,150_d150_5_1.png,150
92,150_d150_50_0.png,150
93,150_d150_50_1.png,150
94,150_d150_51_0.png,150
95,150_d150_51_1.png,150
96,150_d150_52_0.png,150
97,150_d150_53_0.png,150
98,150_d150_54_0.png,150
99,150_d150_54_1.png,150
100,150_d150_54_2.png,150
101,150_d150_55_0.png,150
102,150_d150_55_1.png,150
103,150_d150_56_0.png,150
104,150_d150_57_0.png,150
105,150_d150_57_1.png,150
106,150_d150_58_0.png,150
107,150_d150_58_1.png,150
108,150_d150_59_0.png,150
109,150_d150_59_1.png,150
110,150_d150_6_0.png,150
111,150_d150_60_0.png,150
112,150_d150_60_1.png,150
113,150_d150_61_0.png,150
114,150_d150_7_0.png,150
115,150_d150_7_1.png,150
116,150_d150_7_2.png,150
117,150_d150_8_0.png,150
118,150_d150_8_1.png,150
119,150_d150_9_0.png,150
120,150_d150_9_1.png,150
121,150_d150_9_2.png,150
122,150_d150_0001_0.png,150
123,150_d150_0001_1.png,150
124,150_d150_0001_2.png,150
125,150_d150_0001_3.png,150
126,150_d150_0002_0.png,150
127,150_d150_0002_1.png,150
128,150_d150_0002_2.png,150
129,150_d150_0005_0.png,150
130,150_d150_0005_1.png,150
131,150_d150_0005_2.png,150
132,150_d150_0005_3.png,150
133,150_d150_0009_0.png,150
134,150_d150_0009_1.png,150
135,150_d150_0009_2.png,150
136,150_d150_0010_0.png,150
137,150_d150_0010_1.png,150
138,150_d150_0010_2.png,150
139,150_d150_0013_0.png,150
140,150_d150_0013_1.png,150
141,150_d150_0013_2.png,150
142,150_d150_0015_0.png,150
143,150_d150_0015_1.png,150
144,150_d150_0015_2.png,150
145,150_d150_0015_3.png,150
146,150_d150_0016_0.png,150
147,150_d150_0016_1.png,150
148,150_d150_0016_2.png,150
149,150_d150_0018_0.png,150
150,150_d150_0018_1.png,150
151,150_d150_0018_2.png,150
152,150_d150_0018_3.png,150
153,150_d150_0019_0.png,150
154,150_d150_0019_1.png,150
155,150_d150_0019_2.png,150
156,150_d150_0019_3.png,150
157,150_d150_0020_0.png,150
158,150_d150_0020_1.png,150
159,150_d150_0020_2.png,150
160,150_d150_0022_0.png,150
161,150_d150_0022_1.png,150
162,150_d150_0022_2.png,150
163,150_d150_0022_3.png,150
164,150_d150_0026_0.png,150
165,150_d150_0026_1.png,150
166,150_d150_0026_2.png,150
167,150_d150_0027_0.png,150
168,150_d150_0027_1.png,150
169,150_d150_0027_2.png,150
170,150_d150_0030_0.png,150
171,150_d150_0030_1.png,150
172,150_d150_0030_2.png,150
173,150_d150_0032_0.png,150
174,150_d150_0032_1.png,150
175,150_d150_0032_2.png,150
176,150_d150_0032_3.png,150
177,150_d150_0033_0.png,150
178,150_d150_0033_1.png,150
179,150_d150_0033_2.png,150
180,150_d150_0033_3.png,150
181,150_d150_0034_0.png,150
182,150_d150_0034_1.png,150
183,150_d150_0034_2.png,150
184,150_d150_0036_0.png,150
185,150_d150_0036_1.png,150
186,150_d150_0036_2.png,150
187,150_d150_0036_3.png,150
188,150_d150_0037_0.png,150
189,150_d150_0037_1.png,150
190,150_d150_0037_2.png,150
191,150_d150_0040_0.png,150
192,150_d150_0040_1.png,150
193,150_d150_0040_2.png,150
194,150_d150_0042_0.png,150
195,150_d150_0042_1.png,150
196,150_d150_0042_2.png,150
197,150_d150_0042_3.png,150
198,150_d150_0043_0.png,150
199,150_d150_0043_1.png,150
200,150_d150_0043_2.png,150
201,150_d150_0043_3.png,150
202,150_d150_0047_0.png,150
203,150_d150_0047_1.png,150
204,150_d150_0047_2.png,150
205,150_d150_0049_0.png,150
206,150_d150_0049_1.png,150
207,150_d150_0049_2.png,150
208,150_d150_0049_3.png,150
209,200_d200_1_0.png,200
210,200_d200_1_1.png,200
211,200_d200_10_0.png,200
212,200_d200_11_0.png,200
213,200_d200_11_1.png,200
214,200_d200_11_2.png,200
215,200_d200_12_0.png,200
216,200_d200_12_1.png,200
217,200_d200_13_0.png,200
218,200_d200_14_0.png,200
219,200_d200_15_0.png,200
220,200_d200_16_0.png,200
221,200_d200_16_1.png,200
222,200_d200_17_0.png,200
223,200_d200_18_0.png,200
224,200_d200_18_1.png,200
225,200_d200_19_0.png,200
226,200_d200_2_0.png,200
227,200_d200_20_0.png,200
228,200_d200_21_0.png,200
229,200_d200_21_1.png,200
230,200_d200_21_2.png,200
231,200_d200_22_0.png,200
232,200_d200_23_0.png,200
233,200_d200_24_0.png,200
234,200_d200_25_0.png,200
235,200_d200_25_1.png,200
236,200_d200_26_0.png,200
237,200_d200_26_1.png,200
238,200_d200_27_0.png,200
239,200_d200_28_0.png,200
240,200_d200_28_1.png,200
241,200_d200_29_0.png,200
242,200_d200_3_0.png,200
243,200_d200_3_1.png,200
244,200_d200_30_0.png,200
245,200_d200_30_1.png,200
246,200_d200_30_2.png,200
247,200_d200_31_0.png,200
248,200_d200_31_1.png,200
249,200_d200_32_0.png,200
250,200_d200_33_0.png,200
251,200_d200_33_1.png,200
252,200_d200_34_0.png,200
253,200_d200_35_0.png,200
254,200_d200_36_0.png,200
255,200_d200_36_1.png,200
256,200_d200_37_0.png,200
257,200_d200_37_1.png,200
258,200_d200_38_0.png,200
259,200_d200_39_0.png,200
260,200_d200_39_1.png,200
261,200_d200_4_0.png,200
262,200_d200_40_0.png,200
263,200_d200_41_0.png,200
264,200_d200_42_0.png,200
265,200_d200_42_1.png,200
266,200_d200_43_0.png,200
267,200_d200_44_0.png,200
268,200_d200_45_0.png,200
269,200_d200_45_1.png,200
270,200_d200_46_0.png,200
271,200_d200_46_1.png,200
272,200_d200_47_0.png,200
273,200_d200_48_0.png,200
274,200_d200_49_0.png,200
275,200_d200_5_0.png,200
276,200_d200_50_0.png,200
277,200_d200_50_1.png,200
278,200_d200_51_0.png,200
279,200_d200_51_1.png,200
280,200_d200_52_0.png,200
281,200_d200_52_1.png,200
282,200_d200_53_0.png,200
283,200_d200_54_0.png,200
284,200_d200_54_1.png,200
285,200_d200_55_0.png,200
286,200_d200_56_0.png,200
287,200_d200_57_0.png,200
288,200_d200_57_1.png,200
289,200_d200_58_0.png,200
290,200_d200_59_0.png,200
291,200_d200_6_0.png,200
292,200_d200_6_1.png,200
293,200_d200_60_0.png,200
294,200_d200_60_1.png,200
295,200_d200_62_0.png,200
296,200_d200_63_0.png,200
297,200_d200_63_1.png,200
298,200_d200_7_0.png,200
299,200_d200_8_0.png,200
300,200_d200_9_0.png,200
301,200_d200_9_1.png,200
302,200_d200_0022_0.png,200
303,200_d200_0022_1.png,200
304,200_d200_0022_2.png,200
305,200_d200_0024_0.png,200
306,200_d200_0024_1.png,200
307,200_d200_0026_0.png,200
308,200_d200_0026_1.png,200
309,200_d200_0027_0.png,200
310,200_d200_0027_1.png,200
311,200_d200_0027_2.png,200
312,200_d200_0029_0.png,200
313,200_d200_0029_1.png,200
314,200_d200_0031_0.png,200
315,200_d200_0031_1.png,200
316,200_d200_0032_0.png,200
317,200_d200_0032_1.png,200
318,200_d200_0032_2.png,200
319,200_d200_0034_0.png,200
320,200_d200_0034_1.png,200
321,200_d200_0034_2.png,200
322,200_d200_0036_0.png,200
323,200_d200_0036_1.png,200
324,200_d200_0037_0.png,200
325,200_d200_0037_1.png,200
326,200_d200_0037_2.png,200
327,200_d200_0041_0.png,200
328,200_d200_0041_1.png,200
329,200_d200_0042_0.png,200
330,200_d200_0042_1.png,200
331,200_d200_0042_2.png,200
332,200_d200_0044_0.png,200
333,200_d200_0044_1.png,200
334,200_d200_0046_0.png,200
335,200_d200_0046_1.png,200
336,200_d200_0047_0.png,200
337,200_d200_0047_1.png,200
338,200_d200_0047_2.png,200
339,200_d200_0049_0.png,200
340,200_d200_0049_1.png,200
341,200_d200_0049_2.png,200
342,200_d200_0051_0.png,200
343,200_d200_0051_1.png,200
344,200_d200_0053_0.png,200
345,200_d200_0053_1.png,200
346,200_d200_0054_0.png,200
347,200_d200_0054_1.png,200
348,200_d200_0054_2.png,200
349,200_d200_0056_0.png,200
350,200_d200_0056_1.png,200
351,200_d200_0058_0.png,200
352,200_d200_0058_1.png,200
353,200_d200_0059_0.png,200
354,200_d200_0059_1.png,200
355,200_d200_0059_2.png,200
356,200_d200_0061_0.png,200
357,200_d200_0061_1.png,200
358,200_d200_0063_0.png,200
359,200_d200_0063_1.png,200
360,200_d200_0064_0.png,200
361,200_d200_0064_1.png,200
362,200_d200_0064_2.png,200
363,200_d200_0066_0.png,200
364,200_d200_0066_1.png,200
365,200_d200_0067_0.png,200
366,200_d200_0067_1.png,200
367,200_d200_0067_2.png,200
368,200_d200_0069_0.png,200
369,200_d200_0069_1.png,200
370,200_d200_0071_0.png,200
371,200_d200_0071_1.png,200
372,200_d200_0072_0.png,200
373,200_d200_0072_1.png,200
374,200_d200_0072_2.png,200
375,200_d200_0074_0.png,200
376,200_d200_0074_1.png,200
377,200_d200_0076_0.png,200
378,200_d200_0076_1.png,200
379,200_d200_0078_0.png,200
380,200_d200_0078_1.png,200
381,200_d200_0079_0.png,200
382,200_d200_0079_1.png,200
383,200_d200_0079_2.png,200
384,200_d200_0082_0.png,200
385,200_d200_0082_1.png,200
386,200_d200_0082_2.png,200
387,200_d200_0084_0.png,200
388,200_d200_0084_1.png,200
389,200_d200_0084_2.png,200
390,200_d200_0086_0.png,200
391,200_d200_0086_1.png,200
392,200_d200_0087_0.png,200
393,200_d200_0087_1.png,200
394,200_d200_0087_2.png,200
395,200_d200_0089_0.png,200
396,200_d200_0089_1.png,200
397,200_d200_0089_2.png,200
398,200_d200_0091_0.png,200
399,200_d200_0091_1.png,200
400,200_d200_0093_0.png,200
401,200_d200_0093_1.png,200
402,200_d200_0094_0.png,200
403,200_d200_0094_1.png,200
404,200_d200_0094_2.png,200
405,200_d200_0096_0.png,200
406,200_d200_0096_1.png,200
407,200_d200_0097_0.png,200
408,200_d200_0097_1.png,200
409,200_d200_0097_2.png,200
410,200_d200_0099_0.png,200
411,200_d200_0099_1.png,200
412,300_d300_1_0.png,300
413,300_d300_1_1.png,300
414,300_d300_10_0.png,300
415,300_d300_11_0.png,300
416,300_d300_12_0.png,300
417,300_d300_13_0.png,300
418,300_d300_13_1.png,300
419,300_d300_14_0.png,300
420,300_d300_14_1.png,300
421,300_d300_15_0.png,300
422,300_d300_16_0.png,300
423,300_d300_17_0.png,300
424,300_d300_18_0.png,300
425,300_d300_19_0.png,300
426,300_d300_2_0.png,300
427,300_d300_20_0.png,300
428,300_d300_20_1.png,300
429,300_d300_21_0.png,300
430,300_d300_22_0.png,300
431,300_d300_23_0.png,300
432,300_d300_24_0.png,300
433,300_d300_25_0.png,300
434,300_d300_25_1.png,300
435,300_d300_26_0.png,300
436,300_d300_27_0.png,300
437,300_d300_28_0.png,300
438,300_d300_29_0.png,300
439,300_d300_3_0.png,300
440,300_d300_30_0.png,300
441,300_d300_31_0.png,300
442,300_d300_32_0.png,300
443,300_d300_32_1.png,300
444,300_d300_33_0.png,300
445,300_d300_34_0.png,300
446,300_d300_35_0.png,300
447,300_d300_36_0.png,300
448,300_d300_36_1.png,300
449,300_d300_37_0.png,300
450,300_d300_38_0.png,300
451,300_d300_39_0.png,300
452,300_d300_4_0.png,300
453,300_d300_40_0.png,300
454,300_d300_40_1.png,300
455,300_d300_41_0.png,300
456,300_d300_41_1.png,300
457,300_d300_42_0.png,300
458,300_d300_43_0.png,300
459,300_d300_44_0.png,300
460,300_d300_45_0.png,300
461,300_d300_46_0.png,300
462,300_d300_47_0.png,300
463,300_d300_47_1.png,300
464,300_d300_48_0.png,300
465,300_d300_49_0.png,300
466,300_d300_5_0.png,300
467,300_d300_5_1.png,300
468,300_d300_50_0.png,300
469,300_d300_51_0.png,300
470,300_d300_52_0.png,300
471,300_d300_53_0.png,300
472,300_d300_54_0.png,300
473,300_d300_54_1.png,300
474,300_d300_55_0.png,300
475,300_d300_55_1.png,300
476,300_d300_56_0.png,300
477,300_d300_57_0.png,300
478,300_d300_58_0.png,300
479,300_d300_59_0.png,300
480,300_d300_6_0.png,300
481,300_d300_60_0.png,300
482,300_d300_61_0.png,300
483,300_d300_62_0.png,300
484,300_d300_62_1.png,300
485,300_d300_7_0.png,300
486,300_d300_8_0.png,300
487,300_d300_9_0.png,300
488,300_d300_0001_0.png,300
489,300_d300_0001_1.png,300
490,300_d300_0002_0.png,300
491,300_d300_0003_0.png,300
492,300_d300_0003_1.png,300
493,300_d300_0005_0.png,300
494,300_d300_0005_1.png,300
495,300_d300_0007_0.png,300
496,300_d300_0009_0.png,300
497,300_d300_0010_0.png,300
498,300_d300_0010_1.png,300
499,300_d300_0012_0.png,300
500,300_d300_0012_1.png,300
501,300_d300_0014_0.png,300
502,300_d300_0015_0.png,300
503,300_d300_0015_1.png,300
504,300_d300_0016_0.png,300
505,300_d300_0017_0.png,300
506,300_d300_0017_1.png,300
507,300_d300_0019_0.png,300
508,300_d300_0019_1.png,300
509,300_d300_0023_0.png,300
510,300_d300_0024_0.png,300
511,300_d300_0024_1.png,300
512,300_d300_0030_0.png,300
513,300_d300_0030_1.png,300
514,300_d300_0033_0.png,300
515,300_d300_0033_1.png,300
516,300_d300_0034_0.png,300
517,300_d300_0035_0.png,300
518,300_d300_0035_1.png,300
519,300_d300_0036_0.png,300
520,300_d300_0037_0.png,300
521,300_d300_0037_1.png,300
522,300_d300_0039_0.png,300
523,300_d300_0039_1.png,300
524,300_d300_0041_0.png,300
525,300_d300_0041_1.png,300
526,300_d300_0043_0.png,300
527,300_d300_0045_0.png,300
528,300_d300_0046_0.png,300
529,300_d300_0046_1.png,300
530,300_d300_0047_0.png,300
531,300_d300_0048_0.png,300
532,300_d300_0048_1.png,300
533,300_d300_0050_0.png,300
534,300_d300_0050_1.png,300
535,300_d300_0052_0.png,300
536,300_d300_0052_1.png,300
537,300_d300_0056_0.png,300
538,300_d300_0057_0.png,300
539,300_d300_0057_1.png,300
540,300_d300_0058_0.png,300
541,300_d300_0059_0.png,300
542,300_d300_0059_1.png,300
543,300_d300_0061_0.png,300
544,300_d300_0061_1.png,300
545,300_d300_0063_0.png,300
546,300_d300_0063_1.png,300
547,300_d300_0064_0.png,300
548,300_d300_0064_1.png,300
549,300_d300_0065_0.png,300
550,300_d300_0066_0.png,300
551,300_d300_0066_1.png,300
552,300_d300_0068_0.png,300
553,300_d300_0068_1.png,300
554,300_d300_0070_0.png,300
555,300_d300_0071_0.png,300
556,300_d300_0071_1.png,300
557,300_d300_0072_0.png,300
558,300_d300_0073_0.png,300
559,300_d300_0073_1.png,300
560,300_d300_0075_0.png,300
561,300_d300_0075_1.png,300
562,300_d300_0078_0.png,300
563,300_d300_0078_1.png,300
564,300_d300_0079_0.png,300
565,300_d300_0080_0.png,300
566,300_d300_0080_1.png,300
567,300_d300_0082_0.png,300
568,300_d300_0082_1.png,300
569,300_d300_0084_0.png,300
570,300_d300_0084_1.png,300
571,400_d400_0001_0.png,400
572,400_d400_0003_0.png,400
573,400_d400_0004_0.png,400
574,400_d400_0005_0.png,400
575,400_d400_0006_0.png,400
576,400_d400_0008_0.png,400
577,400_d400_0009_0.png,400
578,400_d400_0011_0.png,400
579,400_d400_0012_0.png,400
580,400_d400_0013_0.png,400
581,400_d400_0014_0.png,400
582,400_d400_0016_0.png,400
583,400_d400_0017_0.png,400
584,400_d400_0019_0.png,400
585,400_d400_0021_0.png,400
586,400_d400_0022_0.png,400
587,400_d400_0024_0.png,400
588,400_d400_0026_0.png,400
589,400_d400_0027_0.png,400
590,400_d400_0030_0.png,400
591,400_d400_0031_0.png,400
592,400_d400_0033_0.png,400
593,400_d400_0034_0.png,400
594,400_d400_0035_0.png,400
595,400_d400_0036_0.png,400
596,400_d400_0038_0.png,400
597,400_d400_0039_0.png,400
598,400_d400_0041_0.png,400
599,400_d400_0043_0.png,400
600,400_d400_0044_0.png,400
601,400_d400_0046_0.png,400
602,400_d400_0048_0.png,400
603,400_d400_0049_0.png,400
604,400_d400_0051_0.png,400
605,400_d400_0052_0.png,400
606,400_d400_0053_0.png,400
607,400_d400_0054_0.png,400
608,400_d400_0056_0.png,400
609,400_d400_0057_0.png,400
610,400_d400_0059_0.png,400
611,400_d400_0060_0.png,400
612,400_d400_0061_0.png,400
613,400_d400_0062_0.png,400
614,400_d400_0063_0.png,400
615,400_d400_0065_0.png,400
616,400_d400_0066_0.png,400
617,400_d400_0067_0.png,400
618,400_d400_0068_0.png,400
619,400_d400_0070_0.png,400
620,400_d400_0072_0.png,400
621,400_d400_0073_0.png,400
622,400_d400_0075_0.png,400
623,400_d400_0076_0.png,400
624,400_d400_0078_0.png,400
625,400_d400_0080_0.png,400
626,400_d400_0082_0.png,400
627,400_d400_0083_0.png,400
628,400_d400_0084_0.png,400
629,400_d400_0085_0.png,400
630,400_d400_0086_0.png,400
631,400_d400_0088_0.png,400
632,400_d400_0091_0.png,400
633,400_d400_0092_0.png,400
634,400_d400_0094_0.png,400
635,400_d400_0095_0.png,400
636,400_d400_0097_0.png,400
637,400_d400_0098_0.png,400
638,400_d400_0100_0.png,400
639,400_d400_0101_0.png,400
640,400_d400_0103_0.png,400
641,50_d50_1_0.png,50
642,50_d50_1_1.png,50
643,50_d50_1_2.png,50
644,50_d50_1_3.png,50
645,50_d50_1_4.png,50
646,50_d50_1_5.png,50
647,50_d50_10_0.png,50
648,50_d50_10_1.png,50
649,50_d50_10_2.png,50
650,50_d50_11_0.png,50
651,50_d50_12_0.png,50
652,50_d50_12_1.png,50
653,50_d50_12_2.png,50
654,50_d50_13_0.png,50
655,50_d50_14_0.png,50
656,50_d50_14_1.png,50
657,50_d50_14_2.png,50
658,50_d50_15_0.png,50
659,50_d50_16_0.png,50
660,50_d50_16_1.png,50
661,50_d50_16_2.png,50
662,50_d50_16_3.png,50
663,50_d50_16_4.png,50
664,50_d50_17_0.png,50
665,50_d50_17_1.png,50
666,50_d50_17_2.png,50
667,50_d50_17_3.png,50
668,50_d50_17_4.png,50
669,50_d50_17_5.png,50
670,50_d50_19_0.png,50
671,50_d50_19_1.png,50
672,50_d50_2_0.png,50
673,50_d50_2_1.png,50
674,50_d50_2_2.png,50
675,50_d50_2_3.png,50
676,50_d50_2_4.png,50
677,50_d50_20_0.png,50
678,50_d50_23_0.png,50
679,50_d50_23_1.png,50
680,50_d50_23_2.png,50
681,50_d50_24_0.png,50
682,50_d50_25_0.png,50
683,50_d50_25_1.png,50
684,50_d50_26_0.png,50
685,50_d50_26_1.png,50
686,50_d50_26_2.png,50
687,50_d50_26_3.png,50
688,50_d50_26_4.png,50
689,50_d50_27_0.png,50
690,50_d50_27_1.png,50
691,50_d50_27_2.png,50
692,50_d50_28_0.png,50
693,50_d50_29_0.png,50
694,50_d50_29_1.png,50
695,50_d50_29_2.png,50
696,50_d50_29_3.png,50
697,50_d50_29_4.png,50
698,50_d50_29_5.png,50
699,50_d50_3_0.png,50
700,50_d50_3_1.png,50
701,50_d50_3_2.png,50
702,50_d50_3_3.png,50
703,50_d50_30_0.png,50
704,50_d50_30_1.png,50
705,50_d50_30_2.png,50
706,50_d50_30_3.png,50
707,50_d50_31_0.png,50
708,50_d50_31_1.png,50
709,50_d50_31_2.png,50
710,50_d50_32_0.png,50
711,50_d50_32_1.png,50
712,50_d50_32_2.png,50
713,50_d50_32_3.png,50
714,50_d50_33_0.png,50
715,50_d50_33_1.png,50
716,50_d50_34_0.png,50
717,50_d50_34_1.png,50
718,50_d50_34_2.png,50
719,50_d50_35_0.png,50
720,50_d50_35_1.png,50
721,50_d50_35_2.png,50
722,50_d50_35_3.png,50
723,50_d50_35_4.png,50
724,50_d50_35_5.png,50
725,50_d50_36_0.png,50
726,50_d50_36_1.png,50
727,50_d50_36_2.png,50
728,50_d50_36_3.png,50
729,50_d50_37_0.png,50
730,50_d50_37_1.png,50
731,50_d50_37_2.png,50
732,50_d50_38_0.png,50
733,50_d50_39_0.png,50
734,50_d50_4_0.png,50
735,50_d50_4_1.png,50
736,50_d50_41_0.png,50
737,50_d50_41_1.png,50
738,50_d50_41_2.png,50
739,50_d50_42_0.png,50
740,50_d50_42_1.png,50
741,50_d50_42_2.png,50
742,50_d50_43_0.png,50
743,50_d50_43_1.png,50
744,50_d50_43_2.png,50
745,50_d50_43_3.png,50
746,50_d50_44_0.png,50
747,50_d50_44_1.png,50
748,50_d50_44_2.png,50
749,50_d50_45_0.png,50
750,50_d50_45_1.png,50
751,50_d50_45_2.png,50
752,50_d50_46_0.png,50
753,50_d50_46_1.png,50
754,50_d50_46_2.png,50
755,50_d50_46_3.png,50
756,50_d50_47_0.png,50
757,50_d50_47_1.png,50
758,50_d50_48_0.png,50
759,50_d50_48_1.png,50
760,50_d50_49_0.png,50
761,50_d50_5_0.png,50
762,50_d50_50_0.png,50
763,50_d50_50_1.png,50
764,50_d50_51_0.png,50
765,50_d50_51_1.png,50
766,50_d50_51_2.png,50
767,50_d50_52_0.png,50
768,50_d50_52_1.png,50
769,50_d50_52_2.png,50
770,50_d50_52_3.png,50
771,50_d50_53_0.png,50
772,50_d50_53_1.png,50
773,50_d50_53_2.png,50
774,50_d50_53_3.png,50
775,50_d50_53_4.png,50
776,50_d50_54_0.png,50
777,50_d50_54_1.png,50
778,50_d50_55_0.png,50
779,50_d50_55_1.png,50
780,50_d50_55_2.png,50
781,50_d50_55_3.png,50
782,50_d50_55_4.png,50
783,50_d50_56_0.png,50
784,50_d50_56_1.png,50
785,50_d50_56_2.png,50
786,50_d50_56_3.png,50
787,50_d50_56_4.png,50
788,50_d50_56_5.png,50
789,50_d50_57_0.png,50
790,50_d50_57_1.png,50
791,50_d50_57_2.png,50
792,50_d50_57_3.png,50
793,50_d50_57_4.png,50
794,50_d50_58_0.png,50
795,50_d50_58_1.png,50
796,50_d50_59_0.png,50
797,50_d50_59_1.png,50
798,50_d50_59_2.png,50
799,50_d50_59_3.png,50
800,50_d50_59_4.png,50
801,50_d50_59_5.png,50
802,50_d50_60_0.png,50
803,50_d50_60_1.png,50
804,50_d50_60_2.png,50
805,50_d50_60_3.png,50
806,50_d50_60_4.png,50
807,50_d50_60_5.png,50
808,50_d50_60_6.png,50
809,50_d50_0002_0.png,50
810,50_d50_0002_1.png,50
811,50_d50_0002_2.png,50
812,50_d50_0002_3.png,50
813,50_d50_0002_4.png,50
814,50_d50_0002_5.png,50
815,50_d50_0002_6.png,50
816,50_d50_0005_0.png,50
817,50_d50_0005_1.png,50
818,50_d50_0005_2.png,50
819,50_d50_0005_3.png,50
820,50_d50_0005_4.png,50
821,50_d50_0005_5.png,50
822,50_d50_0007_0.png,50
823,50_d50_0007_1.png,50
824,50_d50_0007_2.png,50
825,50_d50_0007_3.png,50
826,50_d50_0007_4.png,50
827,50_d50_0008_0.png,50
828,50_d50_0008_1.png,50
829,50_d50_0008_2.png,50
830,50_d50_0008_3.png,50
831,50_d50_0008_4.png,50
832,50_d50_0008_5.png,50
833,50_d50_0008_6.png,50
834,50_d50_0008_7.png,50
835,50_d50_0009_0.png,50
836,50_d50_0009_1.png,50
837,50_d50_0010_0.png,50
838,50_d50_0010_1.png,50
839,50_d50_0010_2.png,50
840,50_d50_0012_0.png,50
841,50_d50_0012_1.png,50
842,50_d50_0012_2.png,50
843,50_d50_0012_3.png,50
844,50_d50_0012_4.png,50
845,50_d50_0012_5.png,50
846,50_d50_0012_6.png,50
847,50_d50_0012_7.png,50
848,50_d50_0013_0.png,50
849,50_d50_0013_1.png,50
850,50_d50_0013_2.png,50
851,50_d50_0013_3.png,50
852,50_d50_0013_4.png,50
853,50_d50_0013_5.png,50
854,50_d50_0013_6.png,50
855,50_d50_0018_0.png,50
856,50_d50_0018_1.png,50
857,50_d50_0018_2.png,50
858,50_d50_0018_3.png,50
859,50_d50_0018_4.png,50
860,50_d50_0018_5.png,50
861,50_d50_0018_6.png,50
862,50_d50_0018_7.png,50
863,50_d50_0019_0.png,50
864,50_d50_0019_1.png,50
865,50_d50_0019_2.png,50
866,50_d50_0019_3.png,50
867,50_d50_0019_4.png,50
868,50_d50_0019_5.png,50
869,50_d50_0019_6.png,50
870,50_d50_0020_0.png,50
871,50_d50_0020_1.png,50
872,50_d50_0020_2.png,50
873,50_d50_0020_3.png,50
874,50_d50_0020_4.png,50
875,50_d50_0020_5.png,50
876,50_d50_0021_0.png,50
877,50_d50_0021_1.png,50
878,50_d50_0021_2.png,50
879,50_d50_0021_3.png,50
880,50_d50_0021_4.png,50
881,50_d50_0021_5.png,50
882,50_d50_0021_6.png,50
883,50_d50_0021_7.png,50
884,50_d50_0023_0.png,50
885,50_d50_0023_1.png,50
886,50_d50_0023_2.png,50
887,50_d50_0023_3.png,50
888,50_d50_0023_4.png,50
889,50_d50_0023_5.png,50
890,50_d50_0023_6.png,50
891,50_d50_0023_7.png,50
892,50_d50_0024_0.png,50
893,50_d50_0024_1.png,50
894,50_d50_0024_2.png,50
895,50_d50_0024_3.png,50
896,50_d50_0024_4.png,50
897,50_d50_0024_5.png,50
898,50_d50_0024_6.png,50
899,50_d50_0026_0.png,50
900,50_d50_0026_1.png,50
901,50_d50_0026_2.png,50
902,50_d50_0026_3.png,50
903,50_d50_0026_4.png,50
904,50_d50_0026_5.png,50
905,50_d50_0026_6.png,50
906,50_d50_0026_7.png,50
907,50_d50_0027_0.png,50
908,50_d50_0027_1.png,50
909,50_d50_0027_2.png,50
910,50_d50_0027_3.png,50
911,50_d50_0027_4.png,50
912,50_d50_0027_5.png,50
913,50_d50_0027_6.png,50
914,50_d50_0029_0.png,50
915,50_d50_0029_1.png,50
916,50_d50_0029_2.png,50
917,50_d50_0029_3.png,50
918,50_d50_0029_4.png,50
919,50_d50_0029_5.png,50
920,50_d50_0029_6.png,50
921,50_d50_0029_7.png,50
922,50_d50_0030_0.png,50
923,50_d50_0030_1.png,50
924,50_d50_0030_2.png,50
925,50_d50_0030_3.png,50
926,50_d50_0030_4.png,50
927,50_d50_0030_5.png,50
928,50_d50_0030_6.png,50
929,50_d50_0032_0.png,50
930,50_d50_0032_1.png,50
931,50_d50_0032_2.png,50
932,50_d50_0034_0.png,50
933,50_d50_0034_1.png,50
934,50_d50_0034_2.png,50
935,50_d50_0034_3.png,50
936,50_d50_0034_4.png,50
937,50_d50_0034_5.png,50
938,50_d50_0034_6.png,50
939,50_d50_0034_7.png,50
940,50_d50_0035_0.png,50
941,50_d50_0035_1.png,50
942,50_d50_0035_2.png,50
943,50_d50_0035_3.png,50
944,50_d50_0035_4.png,50
945,50_d50_0035_5.png,50
946,50_d50_0035_6.png,50
