Name,Diameter
200_d200_1_0.png,200
200_d200_1_1.png,200
200_d200_10_0.png,200
200_d200_11_0.png,200
200_d200_11_1.png,200
200_d200_11_2.png,200
200_d200_12_0.png,200
200_d200_12_1.png,200
200_d200_13_0.png,200
200_d200_14_0.png,200
200_d200_15_0.png,200
200_d200_16_0.png,200
200_d200_16_1.png,200
200_d200_17_0.png,200
200_d200_18_0.png,200
200_d200_18_1.png,200
200_d200_19_0.png,200
200_d200_2_0.png,200
200_d200_20_0.png,200
200_d200_21_0.png,200
200_d200_21_1.png,200
200_d200_21_2.png,200
200_d200_22_0.png,200
200_d200_23_0.png,200
200_d200_24_0.png,200
200_d200_25_0.png,200
200_d200_25_1.png,200
200_d200_26_0.png,200
200_d200_26_1.png,200
200_d200_27_0.png,200
200_d200_28_0.png,200
200_d200_28_1.png,200
200_d200_29_0.png,200
200_d200_3_0.png,200
200_d200_3_1.png,200
200_d200_30_0.png,200
200_d200_30_1.png,200
200_d200_30_2.png,200
200_d200_31_0.png,200
200_d200_31_1.png,200
200_d200_32_0.png,200
200_d200_33_0.png,200
200_d200_33_1.png,200
200_d200_34_0.png,200
200_d200_35_0.png,200
200_d200_36_0.png,200
200_d200_36_1.png,200
200_d200_37_0.png,200
200_d200_37_1.png,200
200_d200_38_0.png,200
200_d200_39_0.png,200
200_d200_39_1.png,200
200_d200_4_0.png,200
200_d200_40_0.png,200
200_d200_41_0.png,200
200_d200_42_0.png,200
200_d200_42_1.png,200
200_d200_43_0.png,200
200_d200_44_0.png,200
200_d200_45_0.png,200
200_d200_45_1.png,200
200_d200_46_0.png,200
200_d200_46_1.png,200
200_d200_47_0.png,200
200_d200_48_0.png,200
200_d200_49_0.png,200
200_d200_5_0.png,200
200_d200_50_0.png,200
200_d200_50_1.png,200
200_d200_51_0.png,200
200_d200_51_1.png,200
200_d200_52_0.png,200
200_d200_52_1.png,200
200_d200_53_0.png,200
200_d200_54_0.png,200
200_d200_54_1.png,200
200_d200_55_0.png,200
200_d200_56_0.png,200
200_d200_57_0.png,200
200_d200_57_1.png,200
200_d200_58_0.png,200
200_d200_59_0.png,200
200_d200_6_0.png,200
200_d200_6_1.png,200
200_d200_60_0.png,200
200_d200_60_1.png,200
200_d200_62_0.png,200
200_d200_63_0.png,200
200_d200_63_1.png,200
200_d200_7_0.png,200
200_d200_8_0.png,200
200_d200_9_0.png,200
200_d200_9_1.png,200
200_d200_0022_0.png,200
200_d200_0022_1.png,200
200_d200_0022_2.png,200
200_d200_0024_0.png,200
200_d200_0024_1.png,200
200_d200_0026_0.png,200
200_d200_0026_1.png,200
200_d200_0027_0.png,200
200_d200_0027_1.png,200
200_d200_0027_2.png,200
200_d200_0029_0.png,200
200_d200_0029_1.png,200
200_d200_0031_0.png,200
200_d200_0031_1.png,200
200_d200_0032_0.png,200
200_d200_0032_1.png,200
200_d200_0032_2.png,200
200_d200_0034_0.png,200
200_d200_0034_1.png,200
200_d200_0034_2.png,200
200_d200_0036_0.png,200
200_d200_0036_1.png,200
200_d200_0037_0.png,200
200_d200_0037_1.png,200
200_d200_0037_2.png,200
200_d200_0041_0.png,200
200_d200_0041_1.png,200
200_d200_0042_0.png,200
200_d200_0042_1.png,200
200_d200_0042_2.png,200
200_d200_0044_0.png,200
200_d200_0044_1.png,200
200_d200_0046_0.png,200
200_d200_0046_1.png,200
200_d200_0047_0.png,200
200_d200_0047_1.png,200
200_d200_0047_2.png,200
200_d200_0049_0.png,200
200_d200_0049_1.png,200
200_d200_0049_2.png,200
200_d200_0051_0.png,200
200_d200_0051_1.png,200
200_d200_0053_0.png,200
200_d200_0053_1.png,200
200_d200_0054_0.png,200
200_d200_0054_1.png,200
200_d200_0054_2.png,200
200_d200_0056_0.png,200
200_d200_0056_1.png,200
200_d200_0058_0.png,200
200_d200_0058_1.png,200
200_d200_0059_0.png,200
200_d200_0059_1.png,200
200_d200_0059_2.png,200
200_d200_0061_0.png,200
200_d200_0061_1.png,200
200_d200_0063_0.png,200
200_d200_0063_1.png,200
200_d200_0064_0.png,200
200_d200_0064_1.png,200
200_d200_0064_2.png,200
200_d200_0066_0.png,200
200_d200_0066_1.png,200
200_d200_0067_0.png,200
200_d200_0067_1.png,200
200_d200_0067_2.png,200
200_d200_0069_0.png,200
200_d200_0069_1.png,200
200_d200_0071_0.png,200
200_d200_0071_1.png,200
200_d200_0072_0.png,200
200_d200_0072_1.png,200
200_d200_0072_2.png,200
200_d200_0074_0.png,200
200_d200_0074_1.png,200
200_d200_0076_0.png,200
200_d200_0076_1.png,200
200_d200_0078_0.png,200
200_d200_0078_1.png,200
200_d200_0079_0.png,200
200_d200_0079_1.png,200
200_d200_0079_2.png,200
200_d200_0082_0.png,200
200_d200_0082_1.png,200
200_d200_0082_2.png,200
200_d200_0084_0.png,200
200_d200_0084_1.png,200
200_d200_0084_2.png,200
200_d200_0086_0.png,200
200_d200_0086_1.png,200
200_d200_0087_0.png,200
200_d200_0087_1.png,200
200_d200_0087_2.png,200
200_d200_0089_0.png,200
200_d200_0089_1.png,200
200_d200_0089_2.png,200
200_d200_0091_0.png,200
200_d200_0091_1.png,200
200_d200_0093_0.png,200
200_d200_0093_1.png,200
200_d200_0094_0.png,200
200_d200_0094_1.png,200
200_d200_0094_2.png,200
200_d200_0096_0.png,200
200_d200_0096_1.png,200
200_d200_0097_0.png,200
200_d200_0097_1.png,200
200_d200_0097_2.png,200
200_d200_0099_0.png,200
200_d200_0099_1.png,200
